t_s,width_x_m,width_3d_m,width_norm
0.000000000000000000e+00,8.470581031439311515e-02,1.295325748467247018e-01,4.430316785727319573e-01
1.668333333333333474e-02,8.407974021055550362e-02,1.288995973414825691e-01,4.354337404193628913e-01
3.336666666666666947e-02,8.447483911056319350e-02,1.292994403814237414e-01,4.402286299825630134e-01
5.005000000000000421e-02,8.423046253023769303e-02,1.290516327596848978e-01,4.372628947844380276e-01
6.673333333333333894e-02,8.452887767121375351e-02,1.293561011542890549e-01,4.408844377574484552e-01
8.341666666666666674e-02,8.480593504227862400e-02,1.296291711693700888e-01,4.442467844936726085e-01
1.001000000000000084e-01,8.433910528199600742e-02,1.291649441234226647e-01,4.385813747815049402e-01
1.167833333333333362e-01,8.413435868964930231e-02,1.289508422146525557e-01,4.360965860394332982e-01
1.334666666666666779e-01,8.420242742806605118e-02,1.290280191576786695e-01,4.369226629619666347e-01
1.501500000000000057e-01,8.402261810186961721e-02,1.288494100752545779e-01,4.347405109450196425e-01
1.668333333333333335e-01,8.411633743196422763e-02,1.289437061723932298e-01,4.358778814558765258e-01
1.835166666666666613e-01,8.482420131990547896e-02,1.296461225999973044e-01,4.444684626202121125e-01
2.002000000000000168e-01,8.404758040321808066e-02,1.288689067920064657e-01,4.350434514953650522e-01
2.168833333333333446e-01,8.403602260777720545e-02,1.288581476139294690e-01,4.349031869875874534e-01
2.335666666666666724e-01,7.547818474419767942e-02,1.213062742343119088e-01,3.310459313616223032e-01
2.502500000000000280e-01,7.629736943874876332e-02,1.220151656397909234e-01,3.409874931886985872e-01
2.669333333333333558e-01,8.381300232348248835e-02,1.286325218410309112e-01,4.321966301393505572e-01
2.836166666666666836e-01,8.410454706778475176e-02,1.289248408486813879e-01,4.357347945119508514e-01
3.003000000000000114e-01,7.547010017610350507e-02,1.213407503589881975e-01,3.309478176711590502e-01
3.169833333333333392e-01,7.549772451246830607e-02,1.213613077717403677e-01,3.312830644717027484e-01
3.336666666666666670e-01,7.562270261008016692e-02,1.214170995769681821e-01,3.327997889572835710e-01
3.503499999999999948e-01,7.599461300105736505e-02,1.217962657494417733e-01,3.373132645759389092e-01
3.670333333333333226e-01,8.453845110481825187e-02,1.293591141019328483e-01,4.410006202041050205e-01
3.837166666666666504e-01,8.452452571327551123e-02,1.293407746344192033e-01,4.408316227339261206e-01
4.004000000000000337e-01,8.453648986901174389e-02,1.293488215532661856e-01,4.409768187986862209e-01
4.170833333333333615e-01,8.434464994300885921e-02,1.291529189736557448e-01,4.386486643569036392e-01
4.337666666666666893e-01,8.434550331177370630e-02,1.291604967063819109e-01,4.386590207739527458e-01
4.504500000000000171e-01,8.438961673918676798e-02,1.292057140520232184e-01,4.391943779027520089e-01
4.671333333333333449e-01,8.446992369477190898e-02,1.292915956367683139e-01,4.401689768782998669e-01
4.838166666666666726e-01,8.463527845568219465e-02,1.294524426099524506e-01,4.421757094136188893e-01
5.005000000000000560e-01,8.454067432298723039e-02,1.293706828272687126e-01,4.410276010071265684e-01
5.171833333333333282e-01,8.418575574016465279e-02,1.290142744657467866e-01,4.367203366524836650e-01
5.338666666666667115e-01,8.433351102581493342e-02,1.291657092773438043e-01,4.385134833229967777e-01
5.505499999999999838e-01,8.416535447242978751e-02,1.289872061475860199e-01,4.364727484518178269e-01
5.672333333333333671e-01,8.408456924246576758e-02,1.289062941244260851e-01,4.354923451755554065e-01
5.839166666666666394e-01,8.417518798414896919e-02,1.289937695444232924e-01,4.365920871862739028e-01
6.006000000000000227e-01,8.399777771212471600e-02,1.288109323558759012e-01,4.344390499044261666e-01
6.172833333333332950e-01,8.404088248596960908e-02,1.288590030194526337e-01,4.349621660918641664e-01
6.339666666666666783e-01,8.411692773996903849e-02,1.289337763032108730e-01,4.358850453879737907e-01
6.506500000000000616e-01,8.376901546300746793e-02,1.285841615530166626e-01,4.316628090170809284e-01
6.673333333333333339e-01,8.466950223001482034e-02,1.294711868384673115e-01,4.425910464807623623e-01
6.840166666666667172e-01,8.442482285302321809e-02,1.292296390774260728e-01,4.396216365658157654e-01
7.006999999999999895e-01,8.381286533501969283e-02,1.286331430732751413e-01,4.321949676580059685e-01
7.173833333333333728e-01,8.366183895817941307e-02,1.284781486921110494e-01,4.303621232788763518e-01
7.340666666666666451e-01,8.377792565473346498e-02,1.285979271239235666e-01,4.317709424118139072e-01
7.507500000000000284e-01,8.353543655823764125e-02,1.283608569815001821e-01,4.288281135708451597e-01
7.674333333333333007e-01,8.346530956780728872e-02,1.282882854591907151e-01,4.279770578617389520e-01
7.841166666666666840e-01,8.337423856305598013e-02,1.282086314767953983e-01,4.268718272215531462e-01
8.008000000000000673e-01,8.343995797179182272e-02,1.282617880279719180e-01,4.276693928615512563e-01
8.174833333333333396e-01,8.276722437251160525e-02,1.275938869536124565e-01,4.195051501518398673e-01
8.341666666666667229e-01,8.235048298675240463e-02,1.271767410215807192e-01,4.144476090625291986e-01
8.508499999999999952e-01,8.287363394169505737e-02,1.276959139508131724e-01,4.207965284186293564e-01
8.675333333333333785e-01,8.272917974740487401e-02,1.275576521552701514e-01,4.190434435364669419e-01
8.842166666666666508e-01,8.264749992715270110e-02,1.274750491676456543e-01,4.180521835819502319e-01
9.009000000000000341e-01,8.261625581140574770e-02,1.274396380041580290e-01,4.176730074199726528e-01
9.175833333333333064e-01,8.254944042659861925e-02,1.273701357635923515e-01,4.168621410994978183e-01
9.342666666666666897e-01,8.235723471906972182e-02,1.271817763857963079e-01,4.145295475615257685e-01
9.509499999999999620e-01,8.244943347865790750e-02,1.272792728394034900e-01,4.156484645468192518e-01
9.676333333333333453e-01,8.290132716954468073e-02,1.277297187250102106e-01,4.211326112808820299e-01
9.843166666666667286e-01,8.283875721115241397e-02,1.276573229924618247e-01,4.203732671256361075e-01
1.001000000000000112e+00,8.276489526100641592e-02,1.275992730234235539e-01,4.194768842355147687e-01
1.017683333333333273e+00,8.259969377165032878e-02,1.274262349378727788e-01,4.174720117918729323e-01
1.034366666666666656e+00,8.228101404911850048e-02,1.270959140615266214e-01,4.136045394310497447e-01
1.051050000000000040e+00,8.261610136695402007e-02,1.274359929082576892e-01,4.176711330941021982e-01
1.067733333333333423e+00,8.261737268405425216e-02,1.274293599487736905e-01,4.176865616996875419e-01
1.084416666666666584e+00,8.276018625529388273e-02,1.275799279687644949e-01,4.194197361079354813e-01
1.101099999999999968e+00,8.280147882411179050e-02,1.276196503261770865e-01,4.199208595159197865e-01
1.117783333333333351e+00,8.266840739276737349e-02,1.274888813094298690e-01,4.183059149607690763e-01
1.134466666666666734e+00,8.248948402730990614e-02,1.273205621377120067e-01,4.161345148945376771e-01
1.151150000000000118e+00,8.253686909963700580e-02,1.273687957060768983e-01,4.167095764519054280e-01
1.167833333333333279e+00,8.277943597060963277e-02,1.275986096396443670e-01,4.196533491578838815e-01
1.184516666666666662e+00,8.269078538963681169e-02,1.275113591581892025e-01,4.185774925926797341e-01
1.201200000000000045e+00,8.292573416008852671e-02,1.277423312741795269e-01,4.214288126224335906e-01
1.217883333333333429e+00,8.294134637069267013e-02,1.277631107638956820e-01,4.216182811977265965e-01
1.234566666666666590e+00,8.264711326426726901e-02,1.274654676971851697e-01,4.180474910712047021e-01
1.251249999999999973e+00,8.275047194940465811e-02,1.275708320189048728e-01,4.193018440461730445e-01
1.267933333333333357e+00,8.258651018015128464e-02,1.274039674101279940e-01,4.173120167494087651e-01
1.284616666666666740e+00,8.296895987071711831e-02,1.277818508763183536e-01,4.219533964892854261e-01
1.301300000000000123e+00,7.436070719354642700e-02,1.197110717896836124e-01,3.174843106012915639e-01
1.317983333333333285e+00,8.251029068333154415e-02,1.273382110791604627e-01,4.163870228559653497e-01
1.334666666666666668e+00,8.259362262896224882e-02,1.274200186932496759e-01,4.173983328757554512e-01
1.351350000000000051e+00,8.260830778587618939e-02,1.274278878701693707e-01,4.175765507994683157e-01
1.368033333333333434e+00,8.247386305141390928e-02,1.272947555547683518e-01,4.159449399443435613e-01
1.384716666666666596e+00,8.236639883369828441e-02,1.271859344862817376e-01,4.146407625448820800e-01
1.401399999999999979e+00,8.230129062668517514e-02,1.271278734007197653e-01,4.138506144015191013e-01
1.418083333333333362e+00,8.209205200768626698e-02,1.269236142134628209e-01,4.113113107728915696e-01
1.434766666666666746e+00,8.252357042602267989e-02,1.273556095939826216e-01,4.165481847818286454e-01
1.451450000000000129e+00,8.243467698345061101e-02,1.272685469718240758e-01,4.154693808671190425e-01
1.468133333333333290e+00,8.244993394563948641e-02,1.272952604158974210e-01,4.156545381752365098e-01
1.484816666666666674e+00,8.251117653618067482e-02,1.273400555071813600e-01,4.163977734973383082e-01
1.501500000000000057e+00,8.238637952851024515e-02,1.272143601626080089e-01,4.148832467052214201e-01
1.518183333333333440e+00,8.288742277113275714e-02,1.277123768681298344e-01,4.209638685817082004e-01
1.534866666666666601e+00,8.242325694281293913e-02,1.272550192712806616e-01,4.153307881409337154e-01
1.551549999999999985e+00,8.251501765933252908e-02,1.273450936433145608e-01,4.164443890695695427e-01
1.568233333333333368e+00,8.313614344447425863e-02,1.279404135140680410e-01,4.239823233552701409e-01
1.584916666666666751e+00,8.319119181015574571e-02,1.280477557074872208e-01,4.246503860455794199e-01
1.601600000000000135e+00,8.236822204483346122e-02,1.271958539494115192e-01,4.146628888936099711e-01
1.618283333333333296e+00,8.327280438892864511e-02,1.280800742969729900e-01,4.256408299627262859e-01
1.634966666666666679e+00,8.272360020994870555e-02,1.275402877378866429e-01,4.189757307032609956e-01
1.651650000000000063e+00,8.255968310212352668e-02,1.273775066775464926e-01,4.169864454141204435e-01
1.668333333333333446e+00,8.248027035874250235e-02,1.273265863996636826e-01,4.160226985284284362e-01
1.685016666666666607e+00,8.210823624783750163e-02,1.269424314051980918e-01,4.115077214543386153e-01
1.701699999999999990e+00,8.229556616217606480e-02,1.271271507570221615e-01,4.137811427448551682e-01
1.718383333333333374e+00,8.217857316200405382e-02,1.270204027156131843e-01,4.123613247816025895e-01
1.735066666666666757e+00,7.533715024577586350e-02,1.207603191949331023e-01,3.293343476429109740e-01
1.751750000000000140e+00,8.232608622465661941e-02,1.271515782498822689e-01,4.141515318526288736e-01
1.768433333333333302e+00,8.241104459448483910e-02,1.272434393013750498e-01,4.151825800301557901e-01
1.785116666666666685e+00,8.269695738903676263e-02,1.275121073007514927e-01,4.186523954980189699e-01
1.801800000000000068e+00,8.258829387659760712e-02,1.274102459839639712e-01,4.173336635509418135e-01
1.818483333333333452e+00,8.261384912860095242e-02,1.274425041792256463e-01,4.176438001043805137e-01
1.835166666666666613e+00,8.199821387616335056e-02,1.268404670547882696e-01,4.101724984971280574e-01
1.851849999999999996e+00,8.294380961026220911e-02,1.277585827437199562e-01,4.216481748818229347e-01
1.868533333333333379e+00,8.295085098023513570e-02,1.277656167736949122e-01,4.217336284009118308e-01
1.885216666666666763e+00,8.247486649546431625e-02,1.273048412927129669e-01,4.159571176634018763e-01
1.901899999999999924e+00,8.256066060690447905e-02,1.273940243220428592e-01,4.169983083362194254e-01
1.918583333333333307e+00,8.183604966688201587e-02,1.266646006117969347e-01,4.082044862485681436e-01
1.935266666666666691e+00,8.194848122070610974e-02,1.267844157707772867e-01,4.095689468532294764e-01
1.951950000000000074e+00,8.248558905509562056e-02,1.273006428099168752e-01,4.160872458142672592e-01
1.968633333333333457e+00,8.269377666853369724e-02,1.275134912511115826e-01,4.186137945210400280e-01
1.985316666666666618e+00,8.224318120659535047e-02,1.270668047676662138e-01,4.131454029926620031e-01
2.002000000000000224e+00,8.184122905877883047e-02,1.266651673142552004e-01,4.082673429463450354e-01
2.018683333333333163e+00,8.202353982057883353e-02,1.268578103526496192e-01,4.104798521914906906e-01
2.035366666666666546e+00,8.236920896651339641e-02,1.271957880558740595e-01,4.146748660984635459e-01
2.052049999999999930e+00,7.416131691326968700e-02,1.195146266167513155e-01,3.150645256464768007e-01
2.068733333333333313e+00,8.234977488293648840e-02,1.271637717645660026e-01,4.144390155696175970e-01
2.085416666666666696e+00,8.210580661320390772e-02,1.269230704829730771e-01,4.114782355971348116e-01
2.102100000000000080e+00,8.265182875344082025e-02,1.274727135706348324e-01,4.181047178815633369e-01
2.118783333333333463e+00,8.219756265658145766e-02,1.270197351548893738e-01,4.125917798128817537e-01
2.135466666666666846e+00,8.221829949785905423e-02,1.270453798201919837e-01,4.128434405079982050e-01
2.152150000000000230e+00,8.228234993951849541e-02,1.271158870359229420e-01,4.136207516931856287e-01
2.168833333333333169e+00,8.287884412015919522e-02,1.277040136626075295e-01,4.208597587397960305e-01
2.185516666666666552e+00,8.293889296526404942e-02,1.277635937724140580e-01,4.215885068600006003e-01
2.202199999999999935e+00,8.269594178648076443e-02,1.275099459892786724e-01,4.186400702242811245e-01
2.218883333333333319e+00,8.256503163022535507e-02,1.273874300129619330e-01,4.170513547357446171e-01
2.235566666666666702e+00,8.194718511373033643e-02,1.267663651624405530e-01,4.095532173996400127e-01
2.252250000000000085e+00,8.213002221735055119e-02,1.269703075637160228e-01,4.117721142882348473e-01
2.268933333333333469e+00,8.291979590747397544e-02,1.277487351516349567e-01,4.213567464499268778e-01
2.285616666666666852e+00,8.270443698905044494e-02,1.275329249425364020e-01,4.187431673428452239e-01
2.302300000000000235e+00,8.285865571248654526e-02,1.276886092299648057e-01,4.206147537923124458e-01
2.318983333333333174e+00,8.279428626145007852e-02,1.276450867991421323e-01,4.198335711341029119e-01
2.335666666666666558e+00,8.252782258018795392e-02,1.273618606529227371e-01,4.165997885945140200e-01
2.352349999999999941e+00,8.304170863790871771e-02,1.279031859054149400e-01,4.228362698775329775e-01
2.369033333333333324e+00,8.295045193610633971e-02,1.278001399153986251e-01,4.217287856323584938e-01
2.385716666666666708e+00,8.263968798233861657e-02,1.274812467708677788e-01,4.179573784264395409e-01
2.402400000000000091e+00,8.238000476796825122e-02,1.272049213188583827e-01,4.148058831064108110e-01
2.419083333333333474e+00,8.262800400358955022e-02,1.274431518718108225e-01,4.178155825678343538e-01
2.435766666666666858e+00,8.279472083586281173e-02,1.276088978599174140e-01,4.198388450954224638e-01
2.452450000000000241e+00,8.279471357714285329e-02,1.276089727067654944e-01,4.198387570041608452e-01
2.469133333333333180e+00,8.263087482275136009e-02,1.274350162269809184e-01,4.178504226062058069e-01
2.485816666666666563e+00,8.250418427083966444e-02,1.273156676885631167e-01,4.163129159082483710e-01
2.502499999999999947e+00,8.238134606344946209e-02,1.271955120775653258e-01,4.148221609641924990e-01
2.519183333333333330e+00,8.278635189981015108e-02,1.275944902634009170e-01,4.197372803375018502e-01
2.535866666666666713e+00,8.242875303008526111e-02,1.272432057820467033e-01,4.153974882291900372e-01
2.552550000000000097e+00,8.232560804476185545e-02,1.271448079642041040e-01,4.141457286985661956e-01
2.569233333333333480e+00,8.243690362159539209e-02,1.272580592715628067e-01,4.154964031747013786e-01
2.585916666666666863e+00,8.257668654886030080e-02,1.274024456355890567e-01,4.171927979230619088e-01
2.602600000000000247e+00,8.213166227031692967e-02,1.269524851732735660e-01,4.117920178436520473e-01
2.619283333333333186e+00,8.272904603942524138e-02,1.275483833169910319e-01,4.190418208668111877e-01
2.635966666666666569e+00,8.230029961316770448e-02,1.271191925906695330e-01,4.138385875384429924e-01
2.652649999999999952e+00,8.243877993715409414e-02,1.272453521576473456e-01,4.155191739945885421e-01
2.669333333333333336e+00,8.259313053380501479e-02,1.274076695215077826e-01,4.173923608471482583e-01
2.686016666666666719e+00,8.297713757203567519e-02,1.278049792762226411e-01,4.220526404373261542e-01
2.702700000000000102e+00,8.318232845555589838e-02,1.279953833390559681e-01,4.245428210625715737e-01
2.719383333333333486e+00,8.322531518218639901e-02,1.280418432218501656e-01,4.250645046381844594e-01
2.736066666666666869e+00,8.327530288924545054e-02,1.280800429142321395e-01,4.256711515685127623e-01
2.752750000000000252e+00,8.317423284241878823e-02,1.279912029201240864e-01,4.244445733303250923e-01
2.769433333333333191e+00,8.288151844207358732e-02,1.277037559519650645e-01,4.208922141028347830e-01
2.786116666666666575e+00,7.457944126405119389e-02,1.204177648676055118e-01,3.201388502918834367e-01
2.802799999999999958e+00,8.306322772934779386e-02,1.278754657204468070e-01,4.230974238998518877e-01
2.819483333333333341e+00,8.347488375610084832e-02,1.282809271663647999e-01,4.280932494672433086e-01
2.836166666666666725e+00,8.235857749428679431e-02,1.271772898954096898e-01,4.145458433772669093e-01
2.852850000000000108e+00,8.283363795845472000e-02,1.276586767971990832e-01,4.203111402725087098e-01
2.869533333333333491e+00,8.251781244820013961e-02,1.273489738755311795e-01,4.164783064101958421e-01
2.886216666666666875e+00,8.220162938274463982e-02,1.270248843845984965e-01,4.126411332857359282e-01
2.902900000000000258e+00,8.290001469596375294e-02,1.277278377623613237e-01,4.211166832034435870e-01
2.919583333333333197e+00,8.300784039075961851e-02,1.278368389631319990e-01,4.224252474606750019e-01
2.936266666666666580e+00,8.297713307191079135e-02,1.278047894118269912e-01,4.220525858241601092e-01
2.952949999999999964e+00,8.316880207544011250e-02,1.280032399489549888e-01,4.243786659640790271e-01
2.969633333333333347e+00,8.327334929845153777e-02,1.281102248761382401e-01,4.256474429423730554e-01
2.986316666666666730e+00,8.299895449800331892e-02,1.278278504060099963e-01,4.223174089563509481e-01
3.003000000000000114e+00,8.248091245116390136e-02,1.272964588998173052e-01,4.160304909121832484e-01
3.019683333333333497e+00,8.235937801082374166e-02,1.271918419380916598e-01,4.145555583837832736e-01
3.036366666666666880e+00,8.258078642173455330e-02,1.273984088749503807e-01,4.172425536618271091e-01
3.053050000000000264e+00,8.248755990269021621e-02,1.273020261525302232e-01,4.161111638675997204e-01
3.069733333333333203e+00,8.258497148427135226e-02,1.274000730877294929e-01,4.172933432557203171e-01
3.086416666666666586e+00,8.245208069764287107e-02,1.272624734211662556e-01,4.156805909908115604e-01
3.103099999999999969e+00,8.286971733982617661e-02,1.276887016703151800e-01,4.207489968425506821e-01
3.119783333333333353e+00,8.287429048027639134e-02,1.276884969241049439e-01,4.208044961198590950e-01
3.136466666666666736e+00,8.288312700420547019e-02,1.277065005424531663e-01,4.209117354879304829e-01
3.153150000000000119e+00,8.263027683530177470e-02,1.274482248313193455e-01,4.178431654769632630e-01
3.169833333333333503e+00,8.258977670219505574e-02,1.274163527021202336e-01,4.173516590072215426e-01
3.186516666666666886e+00,8.260846886040201786e-02,1.274337051638679275e-01,4.175785055874031149e-01
3.203200000000000269e+00,8.297263895977372017e-02,1.277916917260394081e-01,4.219980456283218273e-01
3.219883333333333209e+00,8.292567206956938386e-02,1.277482554841227469e-01,4.214280590967158235e-01
3.236566666666666592e+00,8.303547330807409255e-02,1.278520994593760340e-01,4.227605983989574101e-01
3.253249999999999975e+00,8.318820627907516640e-02,1.280032118750729919e-01,4.246141538722714159e-01
3.269933333333333358e+00,8.324984439566948669e-02,1.280598601936115410e-01,4.253621892678335903e-01
3.286616666666666742e+00,8.319598329745342413e-02,1.280109471038475832e-01,4.247085351632697292e-01
3.303300000000000125e+00,8.277451393450677153e-02,1.275965695981448322e-01,4.195936157100336183e-01
3.319983333333333508e+00,8.286592946842236129e-02,1.276922174749011707e-01,4.207030275293975885e-01
3.336666666666666892e+00,8.318100345713552723e-02,1.279978993743623172e-01,4.245267409846544271e-01
3.353350000000000275e+00,8.318547425594111089e-02,1.280078098058761993e-01,4.245809982517125269e-01
3.370033333333333214e+00,8.334903796873668891e-02,1.281696306643620997e-01,4.265659947662219231e-01
3.386716666666666598e+00,8.334840494098882946e-02,1.281834476876549667e-01,4.265583123906411256e-01
3.403399999999999981e+00,8.342228650536814838e-02,1.282381403241363849e-01,4.274549333175746146e-01
3.420083333333333364e+00,8.362324381744257185e-02,1.284327018368154327e-01,4.298937356485749151e-01
3.436766666666666747e+00,8.358389159348983410e-02,1.284053384508555273e-01,4.294161601151678664e-01
3.453450000000000131e+00,8.317221896702151063e-02,1.279886365324372777e-01,4.244201330949212703e-01
3.470133333333333514e+00,8.309330936291464687e-02,1.279121775097293301e-01,4.234624922683816184e-01
3.486816666666666897e+00,8.310845678115563739e-02,1.279291021816904017e-01,4.236463201596558092e-01
3.503500000000000281e+00,8.322853940626359637e-02,1.280488375019149250e-01,4.251036335711601555e-01
3.520183333333333220e+00,8.317105986896042302e-02,1.279915580522432428e-01,4.244060663708789094e-01
3.536866666666666603e+00,8.315074688426057903e-02,1.279686498928951921e-01,4.241595495662691673e-01
3.553549999999999986e+00,8.329254295695859289e-02,1.281131073045459479e-01,4.258803756912450389e-01
3.570233333333333370e+00,8.314262766644947567e-02,1.279698023358684378e-01,4.240610153695324458e-01
3.586916666666666753e+00,8.277665673560224979e-02,1.275966528203462125e-01,4.196196205776971944e-01
3.603600000000000136e+00,8.325610439722275213e-02,1.280796413875485706e-01,4.254381601604703134e-01
3.620283333333333520e+00,8.335395625212865811e-02,1.281778206766766570e-01,4.266256826714642791e-01
3.636966666666666903e+00,8.354921524614963846e-02,1.283654841559009885e-01,4.289953306571557823e-01
3.653650000000000286e+00,8.362495010145953866e-02,1.284440977676427342e-01,4.299144429788778754e-01
3.670333333333333226e+00,8.338057524875680526e-02,1.282055619005401104e-01,4.269487287470485892e-01
3.687016666666666609e+00,8.353403162515907199e-02,1.283548317973800257e-01,4.288110634121246600e-01
3.703699999999999992e+00,8.396364762804164883e-02,1.287747808826401053e-01,4.340248498548743838e-01
3.720383333333333375e+00,8.420218482251207170e-02,1.290104375690490635e-01,4.369197187198066712e-01
3.737066666666666759e+00,8.376869585426843789e-02,1.285895745989863725e-01,4.316589302702480424e-01
3.753750000000000142e+00,8.372636366288557785e-02,1.285431847884282164e-01,4.311451900835628348e-01
3.770433333333333525e+00,8.339644781152230624e-02,1.282178758855971601e-01,4.271413569359502893e-01
3.787116666666666909e+00,8.356018855862276662e-02,1.283738587149010901e-01,4.291285019250335453e-01
3.803799999999999848e+00,8.366560852440105278e-02,1.284795788805199734e-01,4.304078704417603207e-01
3.820483333333333231e+00,8.332616768968600929e-02,1.281481867858373647e-01,4.262884428359952627e-01
3.837166666666666615e+00,8.341107469880162939e-02,1.282217173476568051e-01,4.273188677039032601e-01
3.853849999999999998e+00,8.339888086016750135e-02,1.282122630037082767e-01,4.271708842253337246e-01
3.870533333333333381e+00,8.355605197734941592e-02,1.283716489720383436e-01,4.290783006959880685e-01
3.887216666666666764e+00,8.311166735767550051e-02,1.279295016579402589e-01,4.236852834669356804e-01
3.903900000000000148e+00,8.397290121579950584e-02,1.287930475639269823e-01,4.341371506771784516e-01
3.920583333333333531e+00,8.367961205893109655e-02,1.284993168783090112e-01,4.305778162491638028e-01
3.937266666666666914e+00,8.336852104997188873e-02,1.282007036030649028e-01,4.268024399268433022e-01
3.953949999999999854e+00,8.349058436625581003e-02,1.283151002193996248e-01,4.282837908526190285e-01
3.970633333333333237e+00,8.350090597513629143e-02,1.283304841406662788e-01,4.284090530963142185e-01
3.987316666666666620e+00,8.399110526522685083e-02,1.288161104015290159e-01,4.343580736071219750e-01
4.004000000000000448e+00,8.380999129077909560e-02,1.286436113917627244e-01,4.321600884803288301e-01
4.020683333333333387e+00,8.370662731996375561e-02,1.285382088182434601e-01,4.309056713587834375e-01
4.037366666666666326e+00,8.464851193491446102e-02,1.294669460612626888e-01,4.423363098897385992e-01
4.054050000000000153e+00,8.389810019384807971e-02,1.287292628436050856e-01,4.332293712845640687e-01
4.070733333333333093e+00,8.428909100970966017e-02,1.291059467173176212e-01,4.379744054576414913e-01
4.087416666666666920e+00,8.383745855535654212e-02,1.286767924678431374e-01,4.324934290698609352e-01
4.104099999999999859e+00,8.381628752487924050e-02,1.286556025632600853e-01,4.322364990883402758e-01
4.120783333333333687e+00,8.441605431196630427e-02,1.292614501618663536e-01,4.395152222326007552e-01
4.137466666666666626e+00,8.416264394431474671e-02,1.290022335784173635e-01,4.364398536931401451e-01
4.154150000000000453e+00,8.423583859131567042e-02,1.290706906440092505e-01,4.373281382441221998e-01
4.170833333333333393e+00,8.403791924534792512e-02,1.288729509627631054e-01,4.349262044338340627e-01
4.187516666666666332e+00,8.403701483026865260e-02,1.288761782458942295e-01,4.349152285226778325e-01
4.204200000000000159e+00,8.409541760041938652e-02,1.289322820754490451e-01,4.356240000050896621e-01
4.220883333333333098e+00,7.509523539668458425e-02,1.211615025752182662e-01,3.263984878238420650e-01
4.237566666666666926e+00,7.535484074752485384e-02,1.213765485240789616e-01,3.295490381981171502e-01
4.254249999999999865e+00,8.475431952918771605e-02,1.295855011214323560e-01,4.436203826357732471e-01
4.270933333333333692e+00,8.473642856773205834e-02,1.295736824978497292e-01,4.434032593171366443e-01
4.287616666666666632e+00,8.502517153929314841e-02,1.298609271679630750e-01,4.469074215933634409e-01
4.304300000000000459e+00,9.018858769281959398e-02,1.355437506983761531e-01,5.095702389905290008e-01
4.320983333333333398e+00,8.465074391501015150e-02,1.294875661558367308e-01,4.423633970268222027e-01
4.337666666666666337e+00,8.498505995563365722e-02,1.298125345941137931e-01,4.464206305295346788e-01
4.354350000000000165e+00,8.482485335935607829e-02,1.296583615346838525e-01,4.444763757203407661e-01
4.371033333333333104e+00,8.496700053452219126e-02,1.298001023311343427e-01,4.462014627975994241e-01
4.387716666666666931e+00,8.490425389301253789e-02,1.297413850854114703e-01,4.454399744297637964e-01
4.404399999999999871e+00,8.511968930758717633e-02,1.299584506733923450e-01,4.480544818881939118e-01
4.421083333333333698e+00,8.498669433179889543e-02,1.298247723954767119e-01,4.464404651917341371e-01
4.437766666666666637e+00,8.515242831996533424e-02,1.299916862737185153e-01,4.484517999995792925e-01
4.454450000000000465e+00,8.478635374993881424e-02,1.296156213257767253e-01,4.440091474507137370e-01
4.471133333333333404e+00,8.502529518813059517e-02,1.298541073931456236e-01,4.469089221860508832e-01
4.487816666666666343e+00,8.511600586752435249e-02,1.299484982635200903e-01,4.480097799456838614e-01
4.504500000000000171e+00,8.519111575076343534e-02,1.300086570623943671e-01,4.489213076548960735e-01
4.521183333333333110e+00,8.505394775973976196e-02,1.298798830839231477e-01,4.472566475696573285e-01
4.537866666666666937e+00,8.535175951023615815e-02,1.301809984036918777e-01,4.508708678426718297e-01
4.554549999999999876e+00,8.555991469333384947e-02,1.303896296304326297e-01,4.533970229773525151e-01
4.571233333333333704e+00,8.553899023186378736e-02,1.303738710142819113e-01,4.531430853381527291e-01
4.587916666666666643e+00,8.540724587430367776e-02,1.302327009118081358e-01,4.515442460473747532e-01
4.604600000000000470e+00,8.532235645877878083e-02,1.301398468018677423e-01,4.505140346939172646e-01
4.621283333333333410e+00,8.523020469355607753e-02,1.300511643324724909e-01,4.493956880285931432e-01
4.637966666666666349e+00,8.517751597617290171e-02,1.300067621798833284e-01,4.487562618467584863e-01
4.654650000000000176e+00,8.501085683302450624e-02,1.298392189062130553e-01,4.467336994299090369e-01
4.671333333333333115e+00,8.502986460367562005e-02,1.298571658935758488e-01,4.469643762581992918e-01
4.688016666666666943e+00,8.507792596619234704e-02,1.299061444715401414e-01,4.475476452207808875e-01
4.704699999999999882e+00,8.520653131606342745e-02,1.300399722161431071e-01,4.491083897580512851e-01
4.721383333333333709e+00,8.535560834174968359e-02,1.301926289790807378e-01,4.509175769629815700e-01
4.738066666666666649e+00,8.566593318731022255e-02,1.305353947335854137e-01,4.546836551858036701e-01
4.754750000000000476e+00,8.577444975276882211e-02,1.306155549344236166e-01,4.560006037957381464e-01
4.771433333333333415e+00,8.589397652212069079e-02,1.307379708488577152e-01,4.574511713849598316e-01
4.788116666666666355e+00,8.549321561069803121e-02,1.303139071809342187e-01,4.525875680909955401e-01
4.804800000000000182e+00,8.596146606599203155e-02,1.307902473891102701e-01,4.582702192474761294e-01
4.821483333333333121e+00,8.603410562118152249e-02,1.308555982351613245e-01,4.591517672473485745e-01
4.838166666666666949e+00,8.561382545916823572e-02,1.304415717995112411e-01,4.540512798442746800e-01
4.854849999999999888e+00,8.594814943357001469e-02,1.307814232870141424e-01,4.581086096307040445e-01
4.871533333333333715e+00,8.561800698922866770e-02,1.304542185951639566e-01,4.541020265683090584e-01
4.888216666666666654e+00,8.618338158026372930e-02,1.310078877384664442e-01,4.609633686925209695e-01
4.904900000000000482e+00,8.598899274730142928e-02,1.308145473624251764e-01,4.586042809138523024e-01
4.921583333333333421e+00,8.605935662044406076e-02,1.308907690928920176e-01,4.594582114131560702e-01
4.938266666666666360e+00,8.578159180915206905e-02,1.306046747141234587e-01,4.560872792372823725e-01
4.954950000000000188e+00,8.614903571430204687e-02,1.309906520469309443e-01,4.605465499308500910e-01
4.971633333333333127e+00,8.597122911635676767e-02,1.308087036927241542e-01,4.583887028684073828e-01
4.988316666666666954e+00,8.628113849829421866e-02,1.311265741860738743e-01,4.621497390569686559e-01
5.004999999999999893e+00,9.068719592344207103e-02,1.360382143056532434e-01,5.156213097505105702e-01
5.021683333333333721e+00,8.535946349003714628e-02,1.301780121994533246e-01,4.509643627431692559e-01
5.038366666666666660e+00,8.566065014058643623e-02,1.304813189073682211e-01,4.546195405410975443e-01
5.055050000000000487e+00,9.065928476111961842e-02,1.358169689968373173e-01,5.152825820524224998e-01
5.071733333333333427e+00,8.582035358287132265e-02,1.306388241162659836e-01,4.565576891125160408e-01
5.088416666666666366e+00,8.584419741624818578e-02,1.306619668401608203e-01,4.568470560224294208e-01
5.105100000000000193e+00,9.019470362852011203e-02,1.353787808581864704e-01,5.096444615111663801e-01
5.121783333333333132e+00,8.557930879528236057e-02,1.304086689894456419e-01,4.536323882922616568e-01
5.138466666666666960e+00,9.028767358762906925e-02,1.355098156242054708e-01,5.107727377139450464e-01
5.155149999999999899e+00,8.595660884298206295e-02,1.307857057907939324e-01,4.582112723662871701e-01
5.171833333333333727e+00,8.601144151124412440e-02,1.308384867781136329e-01,4.588767173694675017e-01
5.188516666666666666e+00,8.529997414567264125e-02,1.301263854142269416e-01,4.502424046804932023e-01
5.205200000000000493e+00,8.585409889208800438e-02,1.306685854780016698e-01,4.569672195641747980e-01
5.221883333333333432e+00,8.549329797846993984e-02,1.303131867773895114e-01,4.525885676998779306e-01
5.238566666666666372e+00,8.546084951507740279e-02,1.302780685847066133e-01,4.521947756684150943e-01
5.255250000000000199e+00,8.551148108194578379e-02,1.303436214235275670e-01,4.528092364313808793e-01
5.271933333333333138e+00,8.509814516175578936e-02,1.299110434890252408e-01,4.477930238077159064e-01
5.288616666666666966e+00,8.546185237328096651e-02,1.302884733559006858e-01,4.522069462776816540e-01
5.305299999999999905e+00,8.544831937519442588e-02,1.302727912291203882e-01,4.520427108640100444e-01
5.321983333333333732e+00,8.590066901640153185e-02,1.307261200354263020e-01,4.575323909757467167e-01
5.338666666666666671e+00,8.574587601123520586e-02,1.305694228191206507e-01,4.556538350878058807e-01
5.355350000000000499e+00,8.591265904425682276e-02,1.307434986643309649e-01,4.576779010225342503e-01
5.372033333333333438e+00,8.566650044766405125e-02,1.304945188348316243e-01,4.546905394133986533e-01
5.388716666666666377e+00,8.534258780035275382e-02,1.301646898829414145e-01,4.507595606838926128e-01
5.405400000000000205e+00,8.570150985673480326e-02,1.305196124673542457e-01,4.551154108827039080e-01
5.422083333333333144e+00,8.561682191500213923e-02,1.304400353768920828e-01,4.540876445995405408e-01
5.438766666666666971e+00,8.533530264166572232e-02,1.301525003679590842e-01,4.506711485639043890e-01
5.455449999999999910e+00,8.523243909001082530e-02,1.300587149316703439e-01,4.494228044904226560e-01
5.472133333333333738e+00,9.058592963293232714e-02,1.358396173470087509e-01,5.143923499142272204e-01
5.488816666666666677e+00,8.528946669675468994e-02,1.301123408209435839e-01,4.501148870965375193e-01
5.505500000000000504e+00,8.523535752305416713e-02,1.300621466313630070e-01,4.494582223671622079e-01
5.522183333333333444e+00,8.994600152923862280e-02,1.352051041187500580e-01,5.066262321509541477e-01
5.538866666666666383e+00,8.500716637586852586e-02,1.298276286099005195e-01,4.466889123285014973e-01
5.555550000000000210e+00,8.469210258076220743e-02,1.295182996125596453e-01,4.428653225820656236e-01
5.572233333333333150e+00,8.474911337686336088e-02,1.295681146619045709e-01,4.435572011755262167e-01
5.588916666666666977e+00,8.422409807442593488e-02,1.290551422846543395e-01,4.371856562430331827e-01
5.605599999999999916e+00,8.377351807280683516e-02,1.286009115520854174e-01,4.317174523398887853e-01
5.622283333333333744e+00,8.367934559750614398e-02,1.285148680102619345e-01,4.305745824940065969e-01
5.638966666666666683e+00,8.350362445822989699e-02,1.283335191214195758e-01,4.284420443959938707e-01
5.655650000000000510e+00,8.303773836067002145e-02,1.278698476886492852e-01,4.227880869013352361e-01
5.672333333333333449e+00,8.338371559742124850e-02,1.281989197089392907e-01,4.269868397745297250e-01
5.689016666666666389e+00,8.281877223916211950e-02,1.276513098274899560e-01,4.201307310577926946e-01
5.705700000000000216e+00,8.177333564903241370e-02,1.265986105154292274e-01,4.074433937989370702e-01
5.722383333333333155e+00,8.119957826114682087e-02,1.260310137689391319e-01,4.004803187032381362e-01
5.739066666666666983e+00,8.034238627327172644e-02,1.251834623247309597e-01,3.900775033164044503e-01
5.755749999999999922e+00,7.980977711994852175e-02,1.246410351678490791e-01,3.836137999993752823e-01
5.772433333333333749e+00,7.950474689191336375e-02,1.243255468828730892e-01,3.799119768436087785e-01
5.789116666666666688e+00,7.916366157093437939e-02,1.239867879918664512e-01,3.757725918802715670e-01
5.805800000000000516e+00,7.786939309244814145e-02,1.226983956877333720e-01,3.600654501510696659e-01
5.822483333333333455e+00,7.614679829086079543e-02,1.209737715806227659e-01,3.391601734327766571e-01
5.839166666666666394e+00,7.497978523413828533e-02,1.198043540095988513e-01,3.249973936181830836e-01
5.855850000000000222e+00,7.401684131945765466e-02,1.188622631745649555e-01,3.133111810613792847e-01
5.872533333333333161e+00,7.267557596655066510e-02,1.175240147233355126e-01,2.970336889144498116e-01
5.889216666666666988e+00,7.113776718826425594e-02,1.159815382125795186e-01,2.783709610226244857e-01
5.905899999999999928e+00,6.827774243674161747e-02,1.131159194339490109e-01,2.436619227759904971e-01
5.922583333333333755e+00,6.574967311494145372e-02,1.105825045373043103e-01,2.129814698415224972e-01
5.939266666666666694e+00,6.365649286661867468e-02,1.084718204070019842e-01,1.875787969249839149e-01
5.955950000000000522e+00,6.049165148411016907e-02,1.053148045988916703e-01,1.491705277197836188e-01
5.972633333333333461e+00,5.705111900387325324e-02,1.018644905150971613e-01,1.074164927654521068e-01
5.989316666666666400e+00,5.481959929754379873e-02,9.962763307246307043e-02,8.033494293135677589e-02
6.006000000000000227e+00,5.334174497061073411e-02,9.816424480216749682e-02,6.239981760449920395e-02
6.022683333333333167e+00,5.280090324125031459e-02,9.760559857305621534e-02,5.583620438410576148e-02
6.039366666666666994e+00,5.168423654657614691e-02,9.650222662336879753e-02,4.228442410893382131e-02
6.056049999999999933e+00,5.159371368981680722e-02,9.640868046052145091e-02,4.118584575020397404e-02
6.072733333333333761e+00,4.970227054767504399e-02,9.450710526629998998e-02,1.823143868537675100e-02
6.089416666666666700e+00,4.949973394564703005e-02,9.430062773772904250e-02,1.577347021416298720e-02
6.106100000000000527e+00,4.848151660940345359e-02,9.329488656597499652e-02,3.416463706352594696e-03
6.122783333333333466e+00,4.842569513642481366e-02,9.324453175722402509e-02,2.739018645932207209e-03
6.139466666666666406e+00,4.795677317361309727e-02,9.276406877742157664e-02,0.000000000000000000e+00
6.156150000000000233e+00,4.643801391553979002e-02,9.124403862671005838e-02,0.000000000000000000e+00
6.172833333333333172e+00,4.646439993713614297e-02,9.127095878819969921e-02,0.000000000000000000e+00
6.189516666666667000e+00,4.648489165135914064e-02,9.129265361734124895e-02,0.000000000000000000e+00
6.206199999999999939e+00,4.655844795232210592e-02,9.136798220248225355e-02,0.000000000000000000e+00
6.222883333333333766e+00,4.648080691008458359e-02,9.128843596860318488e-02,0.000000000000000000e+00
6.239566666666666706e+00,3.899701626349513089e-02,8.503880982736009009e-02,0.000000000000000000e+00
6.256250000000000533e+00,3.749204884400198640e-02,8.371775171615061795e-02,0.000000000000000000e+00
6.272933333333333472e+00,3.788732469168330091e-02,8.411408519238133819e-02,0.000000000000000000e+00
6.289616666666666411e+00,4.453434604626988619e-02,8.934574960709726343e-02,0.000000000000000000e+00
6.306300000000000239e+00,3.825082653085771361e-02,8.458918791362415868e-02,0.000000000000000000e+00
6.322983333333333178e+00,3.780666672446902216e-02,8.399210112822488861e-02,0.000000000000000000e+00
6.339666666666667005e+00,3.782407819053273251e-02,8.405675115021779553e-02,0.000000000000000000e+00
6.356349999999999945e+00,3.788451558776306100e-02,8.413696670357395657e-02,0.000000000000000000e+00
6.373033333333333772e+00,3.782787095942840433e-02,8.422439203946968656e-02,0.000000000000000000e+00
6.389716666666666711e+00,4.412716554522764373e-02,8.895908045480167836e-02,0.000000000000000000e+00
6.406400000000000539e+00,4.410789494875731048e-02,8.892694651763972946e-02,0.000000000000000000e+00
6.423083333333333478e+00,3.758815876377500503e-02,8.390664382433120350e-02,0.000000000000000000e+00
6.439766666666666417e+00,4.409367542020598690e-02,8.891895416812926889e-02,0.000000000000000000e+00
6.456450000000000244e+00,4.453736764507416207e-02,8.937848282429752822e-02,0.000000000000000000e+00
6.473133333333333184e+00,4.431007503683426912e-02,8.913039050757184945e-02,0.000000000000000000e+00
6.489816666666667011e+00,4.366950435322584229e-02,8.847959194694206275e-02,0.000000000000000000e+00
6.506499999999999950e+00,4.381984439825695882e-02,8.863483855997295047e-02,0.000000000000000000e+00
6.523183333333333778e+00,4.382639172408055867e-02,8.863393688788157032e-02,0.000000000000000000e+00
6.539866666666666717e+00,3.770055816277751576e-02,8.417793665483605525e-02,0.000000000000000000e+00
6.556550000000000544e+00,4.390469302606333363e-02,8.873263899720709724e-02,0.000000000000000000e+00
6.573233333333333483e+00,4.373910238505913234e-02,8.854751417698931981e-02,0.000000000000000000e+00
6.589916666666666423e+00,4.380534941066225457e-02,8.862123797547906412e-02,0.000000000000000000e+00
6.606600000000000250e+00,4.408035097685849418e-02,8.889281658651700113e-02,0.000000000000000000e+00
6.623283333333333189e+00,4.405938525690124979e-02,8.887119478012782403e-02,0.000000000000000000e+00
6.639966666666667017e+00,4.362525188684015370e-02,8.843584148428942915e-02,0.000000000000000000e+00
6.656649999999999956e+00,4.357546753958630587e-02,8.838267145731533436e-02,0.000000000000000000e+00
6.673333333333333783e+00,4.346036011243509939e-02,8.827966592789257549e-02,0.000000000000000000e+00
6.690016666666666723e+00,4.345359071268983103e-02,8.826195391877988961e-02,0.000000000000000000e+00
6.706700000000000550e+00,4.311245936803941720e-02,8.792403951388441663e-02,0.000000000000000000e+00
6.723383333333333489e+00,4.320854251912165794e-02,8.801688420555073278e-02,0.000000000000000000e+00
6.740066666666666428e+00,3.773155387330746208e-02,8.390327596463542648e-02,0.000000000000000000e+00
6.756750000000000256e+00,4.368489785898272554e-02,8.851038282219558795e-02,0.000000000000000000e+00
6.773433333333333195e+00,4.361942134047342573e-02,8.844385381044429784e-02,0.000000000000000000e+00
6.790116666666667022e+00,4.370527601945348867e-02,8.852778079112086362e-02,0.000000000000000000e+00
6.806799999999999962e+00,4.346742920204935828e-02,8.827849621014757786e-02,0.000000000000000000e+00
6.823483333333333789e+00,4.382857706820184746e-02,8.865255775359157098e-02,0.000000000000000000e+00
6.840166666666666728e+00,4.389847488178239693e-02,8.871841047591237650e-02,0.000000000000000000e+00
6.856850000000000556e+00,4.349054223317013607e-02,8.830433755405750484e-02,0.000000000000000000e+00
6.873533333333333495e+00,4.352225659697598475e-02,8.833440158785181573e-02,0.000000000000000000e+00
6.890216666666666434e+00,4.340739911600529494e-02,8.821692317840888753e-02,0.000000000000000000e+00
6.906900000000000261e+00,4.374298336840943408e-02,8.855435327386011746e-02,0.000000000000000000e+00
6.923583333333333201e+00,4.383576512299105360e-02,8.864600369288415382e-02,0.000000000000000000e+00
6.940266666666667028e+00,3.738024800510800910e-02,8.377964272238061505e-02,0.000000000000000000e+00
6.956949999999999967e+00,4.363934782562658293e-02,8.846630372005515053e-02,0.000000000000000000e+00
6.973633333333333795e+00,4.371863265232812240e-02,8.853514281829680255e-02,0.000000000000000000e+00
6.990316666666666734e+00,4.346719660020486459e-02,8.828319546202205437e-02,0.000000000000000000e+00
7.007000000000000561e+00,3.729531557272122017e-02,8.357352390083437610e-02,0.000000000000000000e+00
7.023683333333333501e+00,3.746779841405400296e-02,8.374876202852390983e-02,0.000000000000000000e+00
7.040366666666666440e+00,4.384045372711990046e-02,8.864842005765895261e-02,0.000000000000000000e+00
7.057050000000000267e+00,3.730914664298292521e-02,8.363804165685323477e-02,0.000000000000000000e+00
7.073733333333333206e+00,4.394137432306156194e-02,8.874325806532712413e-02,0.000000000000000000e+00
7.090416666666667034e+00,4.414763457047705258e-02,8.895272523577030244e-02,0.000000000000000000e+00
7.107099999999999973e+00,4.352207554403744044e-02,8.832432581562775498e-02,0.000000000000000000e+00
7.123783333333333800e+00,4.363927315683408664e-02,8.844289844014370516e-02,0.000000000000000000e+00
7.140466666666666740e+00,4.369420555991580107e-02,8.849429708355922852e-02,0.000000000000000000e+00
7.157150000000000567e+00,4.367393501237853276e-02,8.847444923366573621e-02,0.000000000000000000e+00
7.173833333333333506e+00,3.748202867493794638e-02,8.357783660365215861e-02,0.000000000000000000e+00
7.190516666666666445e+00,3.725103938296380618e-02,8.337152698966837638e-02,0.000000000000000000e+00
7.207200000000000273e+00,4.347876912593815618e-02,8.829465570790792639e-02,0.000000000000000000e+00
7.223883333333333212e+00,4.369015062342549577e-02,8.849632777489624402e-02,0.000000000000000000e+00
7.240566666666667039e+00,4.373834275307487279e-02,8.854328593633188638e-02,0.000000000000000000e+00
7.257249999999999979e+00,4.340870609130582231e-02,8.821898221242764626e-02,0.000000000000000000e+00
7.273933333333333806e+00,4.337052704009646681e-02,8.817349909529963170e-02,0.000000000000000000e+00
7.290616666666666745e+00,3.688765071123258771e-02,8.315372898415476777e-02,0.000000000000000000e+00
7.307300000000000573e+00,4.312406408464714708e-02,8.792680801818301972e-02,0.000000000000000000e+00
7.323983333333333512e+00,4.311992217347653672e-02,8.792572012691315941e-02,0.000000000000000000e+00
7.340666666666666451e+00,4.308926948478020852e-02,8.789615313812317032e-02,0.000000000000000000e+00
7.357350000000000279e+00,4.316753078288333018e-02,8.797624763969752459e-02,0.000000000000000000e+00
7.374033333333333218e+00,4.364391839871282347e-02,8.845965367422356507e-02,0.000000000000000000e+00
7.390716666666667045e+00,3.713137338848979813e-02,8.340129840207514966e-02,0.000000000000000000e+00
7.407399999999999984e+00,4.323331356056083624e-02,8.804483959364298173e-02,0.000000000000000000e+00
7.424083333333333812e+00,4.340676209271204095e-02,8.821576143057270614e-02,0.000000000000000000e+00
7.440766666666666751e+00,4.338559316459212473e-02,8.818807311945256466e-02,0.000000000000000000e+00
7.457449999999999690e+00,4.351177671328246982e-02,8.831706453403581625e-02,0.000000000000000000e+00
7.474133333333333518e+00,4.323140317618639344e-02,8.804721492178435582e-02,0.000000000000000000e+00
7.490816666666666457e+00,4.325257985903727814e-02,8.805532799234737362e-02,0.000000000000000000e+00
7.507500000000000284e+00,4.336231704158891725e-02,8.816794379224240918e-02,0.000000000000000000e+00
7.524183333333333223e+00,3.744951065303209897e-02,8.344894759982338095e-02,0.000000000000000000e+00
7.540866666666667051e+00,4.355150444723435849e-02,8.835738494593257941e-02,0.000000000000000000e+00
7.557549999999999990e+00,4.345720501823733400e-02,8.826007771432535509e-02,0.000000000000000000e+00
7.574233333333333817e+00,4.336733581562477596e-02,8.817087307396817564e-02,0.000000000000000000e+00
7.590916666666666757e+00,4.335712065756359285e-02,8.815883337725929914e-02,0.000000000000000000e+00
7.607599999999999696e+00,4.290419480849824024e-02,8.771141395254763995e-02,0.000000000000000000e+00
7.624283333333333523e+00,4.296076783073662225e-02,8.777088386885106841e-02,0.000000000000000000e+00
7.640966666666666463e+00,4.333937850402645037e-02,8.816763026655213831e-02,0.000000000000000000e+00
7.657650000000000290e+00,3.784960733287714291e-02,8.390844292972086949e-02,0.000000000000000000e+00
7.674333333333333229e+00,4.330242195019329970e-02,8.815637116731668554e-02,0.000000000000000000e+00
7.691016666666667057e+00,3.745629639569667685e-02,8.312809892753721119e-02,0.000000000000000000e+00
7.707699999999999996e+00,4.257502006592726179e-02,8.738667564769497798e-02,0.000000000000000000e+00
7.724383333333333823e+00,3.675287828493890158e-02,8.293334924312244227e-02,0.000000000000000000e+00
7.741066666666666762e+00,3.776384987601014848e-02,8.348913603283793228e-02,0.000000000000000000e+00
7.757749999999999702e+00,4.326675681219974839e-02,8.809454902022029188e-02,0.000000000000000000e+00
7.774433333333333529e+00,3.743600410140483087e-02,8.365629250468137323e-02,0.000000000000000000e+00
7.791116666666666468e+00,3.817633118921765628e-02,8.383349027062951542e-02,0.000000000000000000e+00
7.807800000000000296e+00,3.217415491848756720e-02,7.700698356835300462e-02,0.000000000000000000e+00
7.824483333333333235e+00,4.268933360695535001e-02,8.750007216905536511e-02,0.000000000000000000e+00
7.841166666666667062e+00,4.283127771570752890e-02,8.764715709467980898e-02,0.000000000000000000e+00
7.857850000000000001e+00,4.305585905611545444e-02,8.787680543352199836e-02,0.000000000000000000e+00
7.874533333333333829e+00,4.322595834035612011e-02,8.805251092973032101e-02,0.000000000000000000e+00
7.891216666666666768e+00,4.308464487159920780e-02,8.790389980903783040e-02,0.000000000000000000e+00
7.907899999999999707e+00,4.295406880150335477e-02,8.777333745827177458e-02,0.000000000000000000e+00
7.924583333333333535e+00,4.281835857968364217e-02,8.763497036099841819e-02,0.000000000000000000e+00
7.941266666666666474e+00,3.818372969436736181e-02,8.362668328071798385e-02,0.000000000000000000e+00
7.957950000000000301e+00,3.716120232357138925e-02,8.332857821147664212e-02,0.000000000000000000e+00
7.974633333333333240e+00,4.323282458849787152e-02,8.806214287797776985e-02,0.000000000000000000e+00
7.991316666666667068e+00,4.302295917771657013e-02,8.783863521533312457e-02,0.000000000000000000e+00
8.008000000000000895e+00,3.698422482610280032e-02,8.321280524558304081e-02,0.000000000000000000e+00
8.024683333333333835e+00,4.356808885600111508e-02,8.837580478513315518e-02,0.000000000000000000e+00
8.041366666666666774e+00,3.737765842265348276e-02,8.346301892549211343e-02,0.000000000000000000e+00
8.058049999999999713e+00,3.707048867085966509e-02,8.310874675961879565e-02,0.000000000000000000e+00
8.074733333333332652e+00,4.324193619685549189e-02,8.805227616600143359e-02,0.000000000000000000e+00
8.091416666666667368e+00,3.702065707758223773e-02,8.325909285234757429e-02,0.000000000000000000e+00
8.108100000000000307e+00,3.743414373338708329e-02,8.368188435467827091e-02,0.000000000000000000e+00
8.124783333333333246e+00,3.706972274744618073e-02,8.313555065318495307e-02,0.000000000000000000e+00
8.141466666666666185e+00,4.296659345628568022e-02,8.777788799111314877e-02,0.000000000000000000e+00
8.158150000000000901e+00,4.343553466793046575e-02,8.823734143285889842e-02,0.000000000000000000e+00
8.174833333333333840e+00,3.746454240529099172e-02,8.353955792064422792e-02,0.000000000000000000e+00
8.191516666666666779e+00,4.289152485580912527e-02,8.770089657022338281e-02,0.000000000000000000e+00
8.208199999999999719e+00,4.302743867423321905e-02,8.784153582985095021e-02,0.000000000000000000e+00
8.224883333333332658e+00,3.770685590916297153e-02,8.380815049370804459e-02,0.000000000000000000e+00
8.241566666666667373e+00,4.298049255060119173e-02,8.778687265975448906e-02,0.000000000000000000e+00
8.258250000000000313e+00,4.269907406251786247e-02,8.751980935142894547e-02,0.000000000000000000e+00
8.274933333333333252e+00,4.255735039575086337e-02,8.737241417374799757e-02,0.000000000000000000e+00
8.291616666666666191e+00,4.253999828182580129e-02,8.734578673851996211e-02,0.000000000000000000e+00
8.308300000000000907e+00,3.718239756936112667e-02,8.323597531512511027e-02,0.000000000000000000e+00
8.324983333333333846e+00,4.235473510110291523e-02,8.716239309916455624e-02,0.000000000000000000e+00
8.341666666666666785e+00,4.276510168855280486e-02,8.758742384892488630e-02,0.000000000000000000e+00
8.358349999999999724e+00,4.302768251924941195e-02,8.782781964115039808e-02,0.000000000000000000e+00
8.375033333333332664e+00,3.703335519604695342e-02,8.305928266516296454e-02,0.000000000000000000e+00
8.391716666666667379e+00,4.299049310740152979e-02,8.779845020351798035e-02,0.000000000000000000e+00
8.408400000000000318e+00,4.276530882484042700e-02,8.757406504708933892e-02,0.000000000000000000e+00
8.425083333333333258e+00,4.336351301817770870e-02,8.817633040792596799e-02,0.000000000000000000e+00
8.441766666666666197e+00,4.300364347008054505e-02,8.782182796602761021e-02,0.000000000000000000e+00
8.458450000000000912e+00,4.312209923417464202e-02,8.797030736966825193e-02,0.000000000000000000e+00
8.475133333333333852e+00,4.324248680500026448e-02,8.806173143465714781e-02,0.000000000000000000e+00
8.491816666666666791e+00,4.281719150851723971e-02,8.763926892562942661e-02,0.000000000000000000e+00
8.508499999999999730e+00,4.266176809514655305e-02,8.747261185022431329e-02,0.000000000000000000e+00
8.525183333333332669e+00,4.270882786832980865e-02,8.752506779275591453e-02,0.000000000000000000e+00
8.541866666666667385e+00,4.259073774076792968e-02,8.739690514559134149e-02,0.000000000000000000e+00
8.558550000000000324e+00,4.231499859462038021e-02,8.711625737628034272e-02,0.000000000000000000e+00
8.575233333333333263e+00,3.706439429719345785e-02,8.280888389796206561e-02,0.000000000000000000e+00
8.591916666666666202e+00,4.265760337678079633e-02,8.745809346557327502e-02,0.000000000000000000e+00
8.608600000000000918e+00,4.249642137378131096e-02,8.730116092000098083e-02,0.000000000000000000e+00
8.625283333333333857e+00,3.687768924655002861e-02,8.289712388980199909e-02,0.000000000000000000e+00
8.641966666666666796e+00,4.232429337937671648e-02,8.713786404063049440e-02,0.000000000000000000e+00
8.658649999999999736e+00,4.256063816061340238e-02,8.736173675450123466e-02,0.000000000000000000e+00
8.675333333333332675e+00,4.279600451063304140e-02,8.759626925163786770e-02,0.000000000000000000e+00
8.692016666666667390e+00,4.265757588590988331e-02,8.745763315947967242e-02,0.000000000000000000e+00
8.708700000000000330e+00,3.754783129612502407e-02,8.328864738324218142e-02,0.000000000000000000e+00
8.725383333333333269e+00,4.249293585728589756e-02,8.730043452655322778e-02,0.000000000000000000e+00
8.742066666666666208e+00,4.265152535828684727e-02,8.746348398560629955e-02,0.000000000000000000e+00
8.758750000000000924e+00,4.266759867521299071e-02,8.747581393492960544e-02,0.000000000000000000e+00
8.775433333333333863e+00,4.265093882254154117e-02,8.746080440309431103e-02,0.000000000000000000e+00
8.792116666666666802e+00,3.758175000997824450e-02,8.346676852019450921e-02,0.000000000000000000e+00
8.808799999999999741e+00,4.265525327100875425e-02,8.745910950778353066e-02,0.000000000000000000e+00
8.825483333333332681e+00,4.266339855162588207e-02,8.747484780273719063e-02,0.000000000000000000e+00
8.842166666666667396e+00,3.717508036887764294e-02,8.319298318876452991e-02,0.000000000000000000e+00
8.858850000000000335e+00,4.288154840755801361e-02,8.769438938958125374e-02,0.000000000000000000e+00
8.875533333333333275e+00,4.301985934815536622e-02,8.783501943866890704e-02,0.000000000000000000e+00
8.892216666666666214e+00,4.284814857639194369e-02,8.766053954432456718e-02,0.000000000000000000e+00
8.908900000000000929e+00,4.291998832305520678e-02,8.772854441669065972e-02,0.000000000000000000e+00
8.925583333333333869e+00,4.309195709565869642e-02,8.790353447367173223e-02,0.000000000000000000e+00
8.942266666666666808e+00,3.755920861589021748e-02,8.351539093219649545e-02,0.000000000000000000e+00
8.958949999999999747e+00,4.281455591852662695e-02,8.763355570944898754e-02,0.000000000000000000e+00
8.975633333333332686e+00,4.283382648817084942e-02,8.764341341864628765e-02,0.000000000000000000e+00
8.992316666666667402e+00,4.264549707537260842e-02,8.745342635026027989e-02,0.000000000000000000e+00
9.009000000000000341e+00,4.240536392783040426e-02,8.722092051252659795e-02,0.000000000000000000e+00
9.025683333333333280e+00,4.306369152986242593e-02,8.787313126114842943e-02,0.000000000000000000e+00
9.042366666666666219e+00,3.756249474270736272e-02,8.372031385716599550e-02,0.000000000000000000e+00
9.059050000000000935e+00,3.716266750292507998e-02,8.306296333436349877e-02,0.000000000000000000e+00
9.075733333333333874e+00,4.280240476183309190e-02,8.760573885360092850e-02,0.000000000000000000e+00
9.092416666666666814e+00,4.253220689578290220e-02,8.734338946370881485e-02,0.000000000000000000e+00
9.109099999999999753e+00,4.269137166536244449e-02,8.750418395686679340e-02,0.000000000000000000e+00
9.125783333333332692e+00,4.252908678853337815e-02,8.734285191827050043e-02,0.000000000000000000e+00
9.142466666666667408e+00,4.296148060175573186e-02,8.779151785214477088e-02,0.000000000000000000e+00
9.159150000000000347e+00,4.254017585902073600e-02,8.736159956789336933e-02,0.000000000000000000e+00
9.175833333333333286e+00,4.272426819745069743e-02,8.753270807943928922e-02,0.000000000000000000e+00
9.192516666666666225e+00,4.336835756217822385e-02,8.816849148042744944e-02,0.000000000000000000e+00
9.209200000000000941e+00,4.261079143193546165e-02,8.741532200746494896e-02,0.000000000000000000e+00
9.225883333333333880e+00,4.314965017216380178e-02,8.796070129005244265e-02,0.000000000000000000e+00
9.242566666666666819e+00,4.309296159191376013e-02,8.789925236619323956e-02,0.000000000000000000e+00
9.259249999999999758e+00,4.266917589802212557e-02,8.748588743598852135e-02,0.000000000000000000e+00
9.275933333333332698e+00,4.292667987171831095e-02,8.773340117359747226e-02,0.000000000000000000e+00
9.292616666666667413e+00,4.257424019400824627e-02,8.737943351061080999e-02,0.000000000000000000e+00
9.309300000000000352e+00,4.270504795677724369e-02,8.750542889392218249e-02,0.000000000000000000e+00
9.325983333333333292e+00,4.250496131367315772e-02,8.731449507320714065e-02,0.000000000000000000e+00
9.342666666666666231e+00,4.287238324410198170e-02,8.767849047611447899e-02,0.000000000000000000e+00
9.359350000000000946e+00,4.284683553797905692e-02,8.765670198446277872e-02,0.000000000000000000e+00
9.376033333333333886e+00,4.287424537296708610e-02,8.767671293006208677e-02,0.000000000000000000e+00
9.392716666666666825e+00,4.250546121067107913e-02,8.730916318093026596e-02,0.000000000000000000e+00
9.409399999999999764e+00,4.265633746691805533e-02,8.745871299198812454e-02,0.000000000000000000e+00
9.426083333333332703e+00,4.267149131586298744e-02,8.747418657470328041e-02,0.000000000000000000e+00
9.442766666666667419e+00,4.291419897428661728e-02,8.772492928449424077e-02,0.000000000000000000e+00
9.459450000000000358e+00,4.284445373477265701e-02,8.766809652307705480e-02,0.000000000000000000e+00
9.476133333333333297e+00,4.294033449753006243e-02,8.775475835842841410e-02,0.000000000000000000e+00
9.492816666666666237e+00,3.698268732337809533e-02,8.326097274710902996e-02,0.000000000000000000e+00
9.509500000000000952e+00,4.419937925296021225e-02,8.901623233405971114e-02,0.000000000000000000e+00
9.526183333333333891e+00,3.793975831489952016e-02,8.409395479874905155e-02,0.000000000000000000e+00
9.542866666666666831e+00,3.962073119651520620e-02,8.564799045942618483e-02,0.000000000000000000e+00
9.559549999999999770e+00,4.580979796328742831e-02,9.061829026976245260e-02,0.000000000000000000e+00
9.576233333333332709e+00,4.621343366291235516e-02,9.101424016565586028e-02,0.000000000000000000e+00
9.592916666666667425e+00,4.676799959092504261e-02,9.157221467574677698e-02,0.000000000000000000e+00
9.609600000000000364e+00,4.710353697527292632e-02,9.191026711786395853e-02,0.000000000000000000e+00
9.626283333333333303e+00,4.786988453266425442e-02,9.267488018505230796e-02,0.000000000000000000e+00
9.642966666666666242e+00,4.294481502540798551e-02,8.905655120379860068e-02,0.000000000000000000e+00
9.659650000000000958e+00,4.961760748971833640e-02,9.442195143206916219e-02,1.720397438978563814e-02
9.676333333333333897e+00,4.421040738876950288e-02,9.023458832929394380e-02,0.000000000000000000e+00
9.693016666666666836e+00,5.040778981859982827e-02,9.522652720994849440e-02,2.679356575970665705e-02
9.709699999999999775e+00,5.099981698983777761e-02,9.582657269514024967e-02,3.397836152715749680e-02
9.726383333333332715e+00,5.190811229953060796e-02,9.671889157533890280e-02,4.500136285838116784e-02
9.743066666666667430e+00,5.170226000696755836e-02,9.650605681995397256e-02,4.250315542436357286e-02
9.759750000000000369e+00,4.560936673778610145e-02,9.157332656666608561e-02,0.000000000000000000e+00
9.776433333333333309e+00,5.221664326495819436e-02,9.702202254153874383e-02,4.874567069124022267e-02
9.793116666666666248e+00,4.707122899269800681e-02,9.292476454032119748e-02,0.000000000000000000e+00
9.809800000000000963e+00,5.407804383637399709e-02,9.889031641982247434e-02,7.133548345114074096e-02
9.826483333333333903e+00,5.460838174365931913e-02,9.942580101817900806e-02,7.777162310266164114e-02
9.843166666666666842e+00,5.527208427691539944e-02,1.000974076031697635e-01,8.582626549654610859e-02
9.859849999999999781e+00,5.616502015010719356e-02,1.009789707185741181e-01,9.666286589935914331e-02
9.876533333333332720e+00,5.720036258472895735e-02,1.020138118971708474e-01,1.092277012709824968e-01
9.893216666666667436e+00,5.799820593535077312e-02,1.028101155782141923e-01,1.189102662057132664e-01
9.909900000000000375e+00,5.947675837662366044e-02,1.042990229364929577e-01,1.368538637939764602e-01
9.926583333333333314e+00,6.017583279188020579e-02,1.050051323604040271e-01,1.453377766004879390e-01
9.943266666666666254e+00,6.061978249032857341e-02,1.054492383778336678e-01,1.507255156593273471e-01
9.959950000000000969e+00,6.109574555842443161e-02,1.059334982446328843e-01,1.565017664857333846e-01
9.976633333333333908e+00,6.102381516326183669e-02,1.058541436516083900e-01,1.556288247968669602e-01
9.993316666666666848e+00,6.130161407082160979e-02,1.061233955355181391e-01,1.590001707623981686e-01
1.000999999999999979e+01,6.305767337765488811e-02,1.078677757464818476e-01,1.803115701171709717e-01
1.002668333333333273e+01,6.548503235808511569e-02,1.103039281066783422e-01,2.097698101709358776e-01
1.004336666666666744e+01,6.665113365541766588e-02,1.114683009024378807e-01,2.239215249443891609e-01
1.006005000000000038e+01,6.693862175975817674e-02,1.117663804994811633e-01,2.274104582494924365e-01
1.007673333333333332e+01,6.679214505095854015e-02,1.116058694898554443e-01,2.256328282883318104e-01
1.009341666666666626e+01,6.768186511440829611e-02,1.124882042125037312e-01,2.364304018738870861e-01
1.011010000000000097e+01,6.238546543230833602e-02,1.082457383816923940e-01,1.721537067027710810e-01
1.012678333333333391e+01,7.007659520251205421e-02,1.149070759314232137e-01,2.654926602246608369e-01
1.014346666666666685e+01,6.364772140195620875e-02,1.095260178991885047e-01,1.874723471111190420e-01
1.016014999999999979e+01,7.182395582134437628e-02,1.166317039609305883e-01,2.866984929774802904e-01
1.017683333333333273e+01,6.393159907179796209e-02,1.098103135280256298e-01,1.909174644635674989e-01
1.019351666666666745e+01,7.182624742663756834e-02,1.166440778336375744e-01,2.867263037213297339e-01
1.021020000000000039e+01,7.168079994340756378e-02,1.165017326234299849e-01,2.849611643617422918e-01
1.022688333333333333e+01,7.169176778747954337e-02,1.165076907329108818e-01,2.850942692655284438e-01
1.024356666666666626e+01,7.163946622880151827e-02,1.164582076878718508e-01,2.844595416116689202e-01
1.026025000000000098e+01,6.451384691959927142e-02,1.103205403081233688e-01,1.979835791213503948e-01
1.027693333333333392e+01,6.447393668998979699e-02,1.103007223357414801e-01,1.974992316746334575e-01
1.029361666666666686e+01,7.208429111531891587e-02,1.168970037249763283e-01,2.898579018849383182e-01
1.031029999999999980e+01,7.203753012699334879e-02,1.168573074044895466e-01,2.892904141625406433e-01
1.032698333333333274e+01,7.269788497487428280e-02,1.175057275783659566e-01,2.973044293067267363e-01
1.034366666666666745e+01,7.296842490143365390e-02,1.177864681721654677e-01,3.005876808426414248e-01
1.036035000000000039e+01,7.276822302168561851e-02,1.175711361332386629e-01,2.981580463796798530e-01
1.037703333333333333e+01,7.258294696909201038e-02,1.173944085800835285e-01,2.959095505957768379e-01
1.039371666666666627e+01,7.245778054362397858e-02,1.172756808424582353e-01,2.943905405779608797e-01
1.041040000000000099e+01,7.267141913624483585e-02,1.174844981902181118e-01,2.969832419447188676e-01
1.042708333333333393e+01,7.292325972374155696e-02,1.177343761289381258e-01,3.000395597541450909e-01
1.044376666666666686e+01,7.266172108006171970e-02,1.174804541958900383e-01,2.968655470881276792e-01
1.046044999999999980e+01,7.268324941026210739e-02,1.175009606247903460e-01,2.971268132313362731e-01
1.047713333333333274e+01,7.307812500841767700e-02,1.178891463911362347e-01,3.019189928206028606e-01
1.049381666666666746e+01,7.308650705841554518e-02,1.178956913622307701e-01,3.020207167283440186e-01
1.051050000000000040e+01,7.315336027469307445e-02,1.179609716711303158e-01,3.028320421686052644e-01
1.052718333333333334e+01,7.297649362133726281e-02,1.177945331695073872e-01,3.006856022006949569e-01
1.054386666666666628e+01,7.316295701885208724e-02,1.179885092070847019e-01,3.029485075103408587e-01
1.056055000000000099e+01,7.315945309539645391e-02,1.179857247190836816e-01,3.029059841674326958e-01
1.057723333333333393e+01,7.346183161744340717e-02,1.182766211092160374e-01,3.065756264252840757e-01
1.059391666666666687e+01,7.314124757995651982e-02,1.179632738558691746e-01,3.026850434460742756e-01
1.061059999999999981e+01,7.314934321755317548e-02,1.179632883410057925e-01,3.027832914751599214e-01
1.062728333333333275e+01,7.300608376197245675e-02,1.178243007229605316e-01,3.010447058491803052e-01
1.064396666666666746e+01,7.313203950339014492e-02,1.179465413306961946e-01,3.025732949440551600e-01
1.066065000000000040e+01,7.298726997753579582e-02,1.178033968158087030e-01,3.008163832225217993e-01
1.067733333333333334e+01,7.303200958150893318e-02,1.178477795749301310e-01,3.013593395814190834e-01
1.069401666666666628e+01,7.307728611429059606e-02,1.178886874482978075e-01,3.019088120666334474e-01
1.071070000000000100e+01,6.584990283237596165e-02,1.115812412667908232e-01,2.141978499074752573e-01
1.072738333333333394e+01,7.366451735768592135e-02,1.184674304070768569e-01,3.090354048262854425e-01
1.074406666666666688e+01,7.355563705164103183e-02,1.183577690453367637e-01,3.077140418888474893e-01
1.076074999999999982e+01,6.531695076528579169e-02,1.111359732559661223e-01,2.077299850156042738e-01
1.077743333333333275e+01,7.348732530636825633e-02,1.182898402868171051e-01,3.068850158539837003e-01
1.079411666666666747e+01,7.336416246806110042e-02,1.181663041797491875e-01,3.053903212143337376e-01
1.081080000000000041e+01,7.365847226498439815e-02,1.184589569473804838e-01,3.089620420507815379e-01
1.082748333333333335e+01,7.354845041161042762e-02,1.183564104990358912e-01,3.076268253836216826e-01
1.084416666666666629e+01,7.378745261769187325e-02,1.185941355214453902e-01,3.105273375933479962e-01
1.086085000000000100e+01,6.595260937498867437e-02,1.118000394736532177e-01,2.154442885314159506e-01
1.087753333333333394e+01,7.368713108702634740e-02,1.184919212541914180e-01,3.093098432891546734e-01
1.089421666666666688e+01,7.361161174023850284e-02,1.184164099045575125e-01,3.083933463621177373e-01
1.091089999999999982e+01,7.356986977873783418e-02,1.183816918851259559e-01,3.078867691594397438e-01
1.092758333333333276e+01,7.365153270965746346e-02,1.184607347702040236e-01,3.088778241463284169e-01
1.094426666666666748e+01,7.388264180336145959e-02,1.186928031429510949e-01,3.116825461572992895e-01
1.096095000000000041e+01,7.393883366588974160e-02,1.187482268772016708e-01,3.123644862365259622e-01
1.097763333333333335e+01,7.367011047128230183e-02,1.184797414815095956e-01,3.091032824184745120e-01
1.099431666666666629e+01,7.397386227536528747e-02,1.187841680789909066e-01,3.127895907204525372e-01
1.101100000000000101e+01,7.364365252052770816e-02,1.184581874250329181e-01,3.087821907831032608e-01
1.102768333333333395e+01,7.387300093783860655e-02,1.186831115855094682e-01,3.115655453621190007e-01
1.104436666666666689e+01,7.375438623292074336e-02,1.185654404979990806e-01,3.101260465160284308e-01
1.106104999999999983e+01,7.382909583521646280e-02,1.186383119723035257e-01,3.110327164468017491e-01
1.107773333333333277e+01,7.349744897299845259e-02,1.183139859043449843e-01,3.070078758859035584e-01
1.109441666666666748e+01,7.364827946515681290e-02,1.184613728874576583e-01,3.088383430237477412e-01
1.111110000000000042e+01,7.374207012640279779e-02,1.185556069156206704e-01,3.099765792039174683e-01
1.112778333333333336e+01,7.390216404555827179e-02,1.187132116635765539e-01,3.119194665723091231e-01
1.114446666666666630e+01,7.393582630461506544e-02,1.187482040898610314e-01,3.123279891336779857e-01
1.116115000000000101e+01,7.355888545435487758e-02,1.183708452710181547e-01,3.077534642518796049e-01
1.117783333333333395e+01,7.330899853640199249e-02,1.181254397291578578e-01,3.047208560242960496e-01
1.119451666666666689e+01,7.338836863696615587e-02,1.182048529660729846e-01,3.056840854000746899e-01
1.121119999999999983e+01,6.622962406729535068e-02,1.119452237275416484e-01,2.188061173215455069e-01
1.122788333333333277e+01,7.353905599654103620e-02,1.183446716666983478e-01,3.075128154920028778e-01
1.124456666666666749e+01,7.355214983881613877e-02,1.183577105379543387e-01,3.076717213448560417e-01
1.126125000000000043e+01,7.389340114324480235e-02,1.187096057931180115e-01,3.118131206704466418e-01
1.127793333333333337e+01,7.364397937201433431e-02,1.184598248476445986e-01,3.087861574273584320e-01
1.129461666666666630e+01,7.365854730209797641e-02,1.184777407964706791e-01,3.089629526953637795e-01
1.131130000000000102e+01,7.351003937079800266e-02,1.183277025159008983e-01,3.071606719757039028e-01
1.132798333333333396e+01,7.375399345171546051e-02,1.185620679775723496e-01,3.101212797538284160e-01
1.134466666666666690e+01,7.378923090664404882e-02,1.185970840995558967e-01,3.105489187699520537e-01
1.136134999999999984e+01,7.392306148374921948e-02,1.187296858537706251e-01,3.121730762590924635e-01
1.137803333333333278e+01,7.345162385393069759e-02,1.182642844286063144e-01,3.064517458001298489e-01
1.139471666666666749e+01,7.356463378609243153e-02,1.183787998490898885e-01,3.078232255593741917e-01
1.141140000000000043e+01,7.393616354436843841e-02,1.187479128630798825e-01,3.123320818491315265e-01
1.142808333333333337e+01,7.393854281105777249e-02,1.187481254358573324e-01,3.123609564448758813e-01
1.144476666666666631e+01,7.349339623502409991e-02,1.183087826339236787e-01,3.069586921726225603e-01
1.146145000000000103e+01,6.671312241933599618e-02,1.124091013949453932e-01,2.246738157686407333e-01
1.147813333333333397e+01,7.350596775224185753e-02,1.183192486407479427e-01,3.071112591291487726e-01
1.149481666666666690e+01,7.355147508497369979e-02,1.183656796591900651e-01,3.076635325846323044e-01
1.151149999999999984e+01,7.349877372816193688e-02,1.183118899542747182e-01,3.070239530116740112e-01
1.152818333333333278e+01,7.389648840013879338e-02,1.187037252592169911e-01,3.118505873803251727e-01
1.154486666666666750e+01,7.392059503901324269e-02,1.187468918423133513e-01,3.121431436773451917e-01
1.156155000000000044e+01,7.339821050713954409e-02,1.182044568236644139e-01,3.058035255720818468e-01
1.157823333333333338e+01,7.383935055637608214e-02,1.186511688932660874e-01,3.111571669463116807e-01
1.159491666666666632e+01,7.353790507830840206e-02,1.183596908805358561e-01,3.074988480377233158e-01
1.161160000000000103e+01,7.356236276246180816e-02,1.183831385422864785e-01,3.077956645929831314e-01
1.162828333333333397e+01,7.354726035300962472e-02,1.183812324745781991e-01,3.076123829248740837e-01
1.164496666666666691e+01,7.368830879052556959e-02,1.185217846143168108e-01,3.093241358073491321e-01
1.166164999999999985e+01,7.371264049328832280e-02,1.185317570583481334e-01,3.096194234622369201e-01
1.167833333333333279e+01,7.376840980083415600e-02,1.185944448212000873e-01,3.102962354470164552e-01
1.169501666666666750e+01,6.607776725622457881e-02,1.120217345553462807e-01,2.169631948570943936e-01
1.171170000000000044e+01,7.376424130626052511e-02,1.185930124227758814e-01,3.102456469206374412e-01
1.172838333333333338e+01,7.372129578998018462e-02,1.185435203084708039e-01,3.097244634706333155e-01
1.174506666666666632e+01,7.388750191963974756e-02,1.187055817897316595e-01,3.117415281509677838e-01
1.176175000000000104e+01,7.390507174329313811e-02,1.187237010724776082e-01,3.119547541661788492e-01
1.177843333333333398e+01,7.378410093815279680e-02,1.186079757171989851e-01,3.104866618707863846e-01
1.179511666666666692e+01,7.406046749649367045e-02,1.188737809275284135e-01,3.138406249574474671e-01
1.181179999999999986e+01,7.428176777468775693e-02,1.191057626690498472e-01,3.165263079452397821e-01
1.182848333333333279e+01,7.470328765608147403e-02,1.195191683917935788e-01,3.216418404864256342e-01
1.184516666666666751e+01,7.475276443325604148e-02,1.195659513803739721e-01,3.222422868113597461e-01
1.186185000000000045e+01,7.465796033169794232e-02,1.194741650106550812e-01,3.210917515982760206e-01
1.187853333333333339e+01,7.483057485678878962e-02,1.196526627242221891e-01,3.231865880678251313e-01
1.189521666666666633e+01,7.475677759380625065e-02,1.195775915925269550e-01,3.222909902160952522e-01
1.191190000000000104e+01,7.465840887035088413e-02,1.194844160903702768e-01,3.210971950285301246e-01
1.192858333333333398e+01,7.484123077185134143e-02,1.196667129544720237e-01,3.233159074253803555e-01
1.194526666666666692e+01,7.462008099534489514e-02,1.194421338324301723e-01,3.206320509143797959e-01
1.196194999999999986e+01,7.491595453954821848e-02,1.197317974252323225e-01,3.242227492663618538e-01
1.197863333333333280e+01,7.462803304099313584e-02,1.194484775214393751e-01,3.207285563227322278e-01
1.199531666666666752e+01,7.479858081111337431e-02,1.196163916753906070e-01,3.227983108144826807e-01
1.201200000000000045e+01,7.522734120271384883e-02,1.200434141082895034e-01,3.280017136251680565e-01
1.202868333333333339e+01,7.494013927539586173e-02,1.197538229685504024e-01,3.245162533421827589e-01
1.204536666666666633e+01,7.521729939234203521e-02,1.200449435109021412e-01,3.278798469944421701e-01
1.206205000000000105e+01,7.518945499038401370e-02,1.200133325472848012e-01,3.275419294949516447e-01
1.207873333333333399e+01,7.489084743684676360e-02,1.197047419582758648e-01,3.239180514180432513e-01
1.209541666666666693e+01,7.501674672538385935e-02,1.198391070769047190e-01,3.254459554051439274e-01
1.211209999999999987e+01,7.526737625061025172e-02,1.200860345181018057e-01,3.284875758569205106e-01
1.212878333333333281e+01,7.525701154130598480e-02,1.200786637526397305e-01,3.283617905498298906e-01
1.214546666666666752e+01,7.539225387390449673e-02,1.202220269693076438e-01,3.300030809939866194e-01
1.216215000000000046e+01,7.558521649378036056e-02,1.204071276295428372e-01,3.323448603614121422e-01
1.217883333333333340e+01,7.568388674773698921e-02,1.205014762965762321e-01,3.335423148997207488e-01
1.219551666666666634e+01,7.602815115071484553e-02,1.208545534628363421e-01,3.377202809552772300e-01
1.221220000000000105e+01,7.580237567455785919e-02,1.206203468335985962e-01,3.349802873125953817e-01
1.222888333333333399e+01,7.591349077116127386e-02,1.207475149471236575e-01,3.363287714946756601e-01
1.224556666666666693e+01,7.633368597870154870e-02,1.211614213665616058e-01,3.414282278968634454e-01
1.226224999999999987e+01,7.614787452954038804e-02,1.209701014313628448e-01,3.391732345818008199e-01
1.227893333333333281e+01,7.631946731466590639e-02,1.211339428761980114e-01,3.412556712944891379e-01
1.229561666666666753e+01,7.586074638677656190e-02,1.206988252553045510e-01,3.356886697424339983e-01
1.231230000000000047e+01,7.617989796272384151e-02,1.210144251330401433e-01,3.395618684796582465e-01
1.232898333333333341e+01,7.592796257788578251e-02,1.207552085932935976e-01,3.365044002170604620e-01
1.234566666666666634e+01,7.624008595601383664e-02,1.210583507496167527e-01,3.402923052914300639e-01
1.236235000000000106e+01,7.598050074195708548e-02,1.207896968086857037e-01,3.371419992955956846e-01
1.237903333333333400e+01,7.658708302117805955e-02,1.214053698281431365e-01,3.445034347230346849e-01
1.239571666666666694e+01,7.654340660873387714e-02,1.213761522232872786e-01,3.439733811739548175e-01
1.241239999999999988e+01,7.691670284331758589e-02,1.217290246302799861e-01,3.485036752829804296e-01
1.242908333333333282e+01,7.680767107168179342e-02,1.216140942504696787e-01,3.471804741708955366e-01
1.244576666666666753e+01,7.774332321404298085e-02,1.225654351425016636e-01,3.585354758985798695e-01
1.246245000000000047e+01,7.746113851771899150e-02,1.222629544101421772e-01,3.551109043412499222e-01
1.247913333333333341e+01,7.797019972008065181e-02,1.227834274302687101e-01,3.612888315543768547e-01
1.249581666666666635e+01,7.844455773436087576e-02,1.232588435352518913e-01,3.670456035723407284e-01
1.251250000000000107e+01,7.881679468827412771e-02,1.236412836548917565e-01,3.715630423334238541e-01
1.252918333333333401e+01,7.948894399755215834e-02,1.243104787299854352e-01,3.797201941450504825e-01
1.254586666666666694e+01,7.987585653622569781e-02,1.246958735643412669e-01,3.844157346629332173e-01
1.256254999999999988e+01,7.994139418305812317e-02,1.247651158472867783e-01,3.852110944545888982e-01
1.257923333333333282e+01,8.006326621620618589e-02,1.248857510971252971e-01,3.866901239830847770e-01
1.259591666666666754e+01,7.990953276055093313e-02,1.247327354328874732e-01,3.848244267057152057e-01
1.261260000000000048e+01,8.005809969498473011e-02,1.248715618412818140e-01,3.866274234828244172e-01
1.262928333333333342e+01,8.038412402650035871e-02,1.252109419790874423e-01,3.905840294478198915e-01
1.264596666666666636e+01,8.139502581442298323e-02,1.262255953341674952e-01,4.028522550294051374e-01
1.266265000000000107e+01,8.131460040731078309e-02,1.261412732138467441e-01,4.018762185353250138e-01
1.267933333333333401e+01,8.006921767238714405e-02,1.248700086652955454e-01,3.867623503930478490e-01
1.269601666666666695e+01,8.128782075255733264e-02,1.261097813760130859e-01,4.015512227252103217e-01
1.271269999999999989e+01,8.085181786493467193e-02,1.256552888401301915e-01,3.962599255453236879e-01
1.272938333333333283e+01,8.112867046914454261e-02,1.259394385402410610e-01,3.996197872468997825e-01
1.274606666666666754e+01,8.279559626825711005e-02,1.276294345266974495e-01,4.198494692749649149e-01
1.276275000000000048e+01,8.185984197925735839e-02,1.266679358739642436e-01,4.084932279036087022e-01
1.277943333333333342e+01,8.236308169745992780e-02,1.271698463189766815e-01,4.146005060371350526e-01
1.279611666666666636e+01,8.248771848166913667e-02,1.273000363609237129e-01,4.161130883697710670e-01
1.281280000000000108e+01,8.357177378143154645e-02,1.283782379355357106e-01,4.292690992892178037e-01
1.282948333333333402e+01,8.458728503965412537e-02,1.294023590398967194e-01,4.415932650443462060e-01
1.284616666666666696e+01,8.495177361782899061e-02,1.297741764363155581e-01,4.460166701192838645e-01
1.286284999999999989e+01,8.393398236528876177e-02,1.287363864589383400e-01,4.336648345302034357e-01
1.287953333333333283e+01,7.575020196113679827e-02,1.217251842331957684e-01,3.343471111788446359e-01
1.289621666666666755e+01,8.523658129888256330e-02,1.300601514446318996e-01,4.494730740155650772e-01
1.291290000000000049e+01,8.554281379749156811e-02,1.303701584191295504e-01,4.531894878336355514e-01
1.292958333333333343e+01,8.554185144411202701e-02,1.303631035364701818e-01,4.531778087877673111e-01
1.294626666666666637e+01,8.498013388862291073e-02,1.297915361709909010e-01,4.463608481628993929e-01
1.296295000000000108e+01,8.496341475034857593e-02,1.297738613886479375e-01,4.461579459993759156e-01
1.297963333333333402e+01,8.543714518983461237e-02,1.302579942142104708e-01,4.519071018183812294e-01
1.299631666666666696e+01,8.538503825413235049e-02,1.302085755441622916e-01,4.512747360938392238e-01
1.301299999999999990e+01,8.535931512301897506e-02,1.301791970839346890e-01,4.509625621725603661e-01
1.302968333333333284e+01,8.541603268200975707e-02,1.302318693400164595e-01,4.516508820632251786e-01
1.304636666666666756e+01,8.513804539095420898e-02,1.299606074004625855e-01,4.482772498902209968e-01
1.306305000000000049e+01,8.520635610137733407e-02,1.300300111710206985e-01,4.491062633662297743e-01
1.307973333333333343e+01,8.523497614666936117e-02,1.300637901369133820e-01,4.494535940129776863e-01
1.309641666666666637e+01,8.541587267704606190e-02,1.302422580222768189e-01,4.516489402554133559e-01
1.311310000000000109e+01,8.539162854844173367e-02,1.302273956325475934e-01,4.513547153937103595e-01
1.312978333333333403e+01,8.574100902272246971e-02,1.305694334383163402e-01,4.555947696932338697e-01
1.314646666666666697e+01,8.548550314448688514e-02,1.303138154551802541e-01,4.524939702000835284e-01
1.316314999999999991e+01,8.531992209298175367e-02,1.301531063251883114e-01,4.504844914196814987e-01
1.317983333333333285e+01,8.546454995913510544e-02,1.302921737044919481e-01,4.522396839700862370e-01
1.319651666666666756e+01,8.517642847802400774e-02,1.300085107287933250e-01,4.487430640536894111e-01
