timestamp,x,y,z,q_x,q_y,q_z,q_w,ok
0.0,0.010777761058325473,-0.3641631740707075,0.17152430713245226,0.8420629131513664,0.0033421349151658195,-0.021383544487870127,-0.5389449178296225,1
0.033367,0.012041307638498994,-0.3671672213752691,0.17102758124967005,0.8421297479044013,0.003641087884452069,-0.020807103833014446,-0.5388611088244999,1
0.066733,0.010768535792707385,-0.36652951839057624,0.1712073222870519,0.8425877028302474,0.005690916253715139,-0.01863969157102973,-0.538206408740714,1
0.1001,0.010986035545658754,-0.3625779240300569,0.1742623696091459,0.842586617225041,0.006742470910141185,-0.01705317284367466,-0.538248567908222,1
0.133467,0.010796070529343785,-0.36229260210417386,0.1744773160499558,0.8426454543398887,0.005710820677509834,-0.014985223762524596,-0.5382299395948713,1
0.166833,0.011284895675155358,-0.36255643200233245,0.17424145535656058,0.8429528824383785,0.004537956302068503,-0.013950462350191102,-0.5377873460222412,1
0.2002,0.01217368222290336,-0.3633664792598462,0.17380820353760185,0.8421383834012911,0.00230376979156267,-0.012985110007859223,-0.5391001973335676,1
0.233567,0.012480277157250013,-0.3633329145918482,0.17355432428158737,0.8421554226484995,0.0033492895980351944,-0.011814230069759893,-0.5390950290354889,1
0.266933,0.012946674340100495,-0.3631251121263864,0.1739787746299858,0.84279748990112,0.004693141550457957,-0.01091498274197436,-0.5380996455959633,1
0.3003,0.012938238657798279,-0.36295817862227486,0.17431023624588846,0.8429233497351549,0.005257615863657343,-0.009330708484022525,-0.5379270599494712,1
0.333667,0.012637838352581492,-0.3627580704219256,0.17438147644978563,0.8438060329742709,0.007699445823992559,-0.006846225430088658,-0.5365493700001774,1
0.367033,0.011880750737984138,-0.3621465367035052,0.17471239726770751,0.8440291243717534,0.010122867235459234,-0.004112554776798691,-0.5361860233765817,1
0.4004,0.008640412957298104,-0.3616243234573651,0.1761719492962292,0.8444753915114084,0.014776989000873991,-0.002859868029237021,-0.5353828302089795,1
0.433767,0.00917272502520089,-0.36078882111403404,0.17544352094404736,0.8445112427971637,0.020393017493422864,-0.00462298865556714,-0.535129436307323,1
0.467133,0.007073460891576143,-0.3631663498908,0.17576373216770766,0.8451426793812504,0.02452403328751512,-0.006936910554747831,-0.5339328633372825,1
0.5005,0.00702559472200236,-0.3623518272972178,0.17606136221239754,0.8458379717063119,0.026810031834391564,-0.00817476205205711,-0.5327030327285396,1
0.533867,0.006417876895137637,-0.36183690537101115,0.1766524945076722,0.846673935305499,0.027936222583633926,-0.011592881813429368,-0.53125174807554,1
0.567233,0.005823487073246163,-0.3615839916696293,0.17757704334568877,0.8466218756661251,0.028258034144176887,-0.014164207712969015,-0.5312553607915338,1
0.6006,0.005340163836096783,-0.36176728790142765,0.17893929721136997,0.847815582858202,0.026433283412036695,-0.01424516909407035,-0.5294403593874834,1
0.633967,0.005160873720867038,-0.36211819818904545,0.18072224981461868,0.8473395549381887,0.022960041448113252,-0.014651236590076198,-0.5303525774428128,1
0.667333,0.005618719695746238,-0.3619731220920913,0.1832390245626727,0.8458072077186775,0.016113274712935045,-0.016178924634179987,-0.5329997862540293,1
0.7007,0.013628246129961033,-0.3494783442519803,0.18783408510013436,0.844006898111963,0.011285744281091362,-0.018315824663074555,-0.535900661020637,1
0.734067,0.01556071732711201,-0.3486206932284552,0.18691621099303057,0.841393105029244,0.006307934663667299,-0.018585144458052323,-0.5400670746999856,1
0.767433,0.016284537292699006,-0.34594905950054033,0.18925027252049212,0.8399534965370419,0.00019590170270726722,-0.01747259622447539,-0.5423769848167387,1
0.8008,0.01720473734094864,-0.34436955875625214,0.19230588404984175,0.8385160419596628,-0.0043328732290707815,-0.01674316602690163,-0.5446023686849676,1
0.834167,0.017322665843535014,-0.3435357236468805,0.19566679548804078,0.8376454886308374,-0.007025634872686062,-0.017275569539814194,-0.5458958055601054,1
0.867533,0.01877295738579405,-0.34204017478347043,0.20062106656337844,0.8359628250104073,-0.008513056550037645,-0.01679123020381892,-0.548463068635471,1
0.9009,0.017267976549893583,-0.34415266132663047,0.20446514879620423,0.8336249541703139,-0.008929009279684213,-0.015699537202514453,-0.5520355360929694,1
0.934267,0.018146275550799708,-0.34307022722669905,0.20987595994276953,0.8314834983912918,-0.009242223919178444,-0.014095310352963403,-0.5552937019506525,1
0.967633,0.01698913670294526,-0.34395501193181743,0.21622610654805619,0.8295338335045302,-0.009614846895109858,-0.013452612284568396,-0.5582116095292025,1
1.001,0.01752660260986371,-0.3433579186553465,0.22583040678481447,0.8278125685858029,-0.010397456579622915,-0.014135072282265716,-0.5607302773345,1
1.034367,0.015407923988641489,-0.34628229779967334,0.23222630005662642,0.8256215957282534,-0.010169862506433775,-0.014325393952808798,-0.5639506517877512,1
1.067733,0.015943485552939653,-0.34424421382638176,0.23685664077304136,0.8236876965289255,-0.010582335714302334,-0.0134364352071579,-0.5667857222677952,1
1.1011,0.0149702070506112,-0.34313616742586434,0.2421741964718255,0.8218024758526729,-0.010916572911353188,-0.013048447072409828,-0.56951844320205,1
1.134467,0.013751809302129013,-0.34185690888189574,0.2472039666602739,0.8198200847806958,-0.011019357210938685,-0.013892832950305843,-0.572346565945359,1
1.167833,0.013540141896865525,-0.3411781048731375,0.2517949053114962,0.8178466962185055,-0.013341734355183314,-0.015129436747509611,-0.5750824982144515,1
1.2012,0.013216815785544048,-0.3410573273855635,0.25557302856887226,0.8154949467342554,-0.015417508149050366,-0.016685269653943152,-0.5783181598998453,1
1.234567,0.012833793685749745,-0.3402185422113795,0.2586216594431944,0.8137158959282906,-0.016623586606369985,-0.018295931170372714,-0.5807369077168841,1
1.267933,0.011329450517333126,-0.3399719369107861,0.26210407922569795,0.8120781481252425,-0.017424556181854456,-0.01771512070479195,-0.583019417067525,1
1.3013,0.011195422233953773,-0.3397294196369018,0.2637774012682463,0.8115146612701148,-0.018532314440935494,-0.01568139804600792,-0.5838275444173869,1
1.334667,0.010973239033746637,-0.3392135988338178,0.265168926676864,0.8119997505588621,-0.018984076305214533,-0.01489528045165106,-0.5831587610243459,1
1.368033,0.010377463159312088,-0.3389190900492168,0.2665783607043231,0.8118505261659963,-0.018295536600459572,-0.015582552103063549,-0.5833705345442564,1
1.4014,0.009824510627822615,-0.33883684294573246,0.2677133477916721,0.8111193775650507,-0.018895375072120576,-0.016737388925567115,-0.5843356740361854,1
1.434767,0.009514641165048724,-0.3392035069877435,0.2687659577026784,0.8107505487272313,-0.02009799576995292,-0.01752670478212611,-0.584784090860896,1
1.468133,0.009672195682198426,-0.3390565219219578,0.26926690937399356,0.8109708241082443,-0.02169642340720544,-0.017449593967458297,-0.584423732686226,1
1.5015,0.013287521454801148,-0.3359642515642163,0.26456088715704695,0.8108999942984192,-0.022202331850130815,-0.01684218747292039,-0.5845208263427124,1
1.534867,0.013660535143705355,-0.3357710629579412,0.2642693734414344,0.8111516493277893,-0.0229702056453192,-0.01604078169519568,-0.5841644158693904,1
1.568233,0.013743345609531252,-0.3357226978229831,0.2641351909466144,0.8110541295047846,-0.024302673412687863,-0.015133483801966868,-0.5842701059837374,1
1.6016,0.013888003152971277,-0.3357101668045887,0.2641316092827527,0.8109472235298761,-0.025322656363661617,-0.01577907167048147,-0.584358096222762,1
1.634967,0.014501649622633606,-0.3355768019724821,0.2635715802562753,0.8107320614654336,-0.025934911595171573,-0.016392934790550116,-0.5846128433087249,1
1.668333,0.015256438527274336,-0.3352348551001703,0.26283541271759503,0.8110547051078703,-0.02701641499516037,-0.015879887553752144,-0.5841303003735341,1
1.7017,0.015929704401160004,-0.33483193884773915,0.2619717372004942,0.8114204482779743,-0.02763372402841118,-0.014953907974732712,-0.5836176951129703,1
1.735067,0.01642436069110057,-0.33465495641296555,0.2613968793909494,0.8123954138770386,-0.027634302333547453,-0.014500232556560558,-0.582271225548626,1
1.768433,0.01684832107265861,-0.33417735866706477,0.26079844869111113,0.8128572137130237,-0.028020130791199263,-0.013875498052980613,-0.5816231537163266,1
1.8018,0.017681073536549963,-0.33384126639824885,0.25987787364191917,0.8129976486064828,-0.0279772019697006,-0.013267440373542633,-0.5814430965762777,1
1.835167,0.01846936176520521,-0.3334430525134122,0.2589327901958942,0.8134889654339745,-0.028201839466807706,-0.012327715201423069,-0.5807653457341981,1
1.868533,0.019426514052535728,-0.3330224114005032,0.2579147739053884,0.813856565109004,-0.028505468311261658,-0.011676924394750354,-0.5802487217926537,1
1.9019,0.020074906434031585,-0.33279366928601944,0.25735001676597885,0.81423374261523,-0.028500785954955386,-0.01224724166778549,-0.5797077907517512,1
1.935267,0.02101255070248161,-0.33202769223708467,0.25712848713319897,0.814388514001296,-0.029503916833647566,-0.012918749252782882,-0.5794255543829405,1
1.968633,0.022133105232795776,-0.3308305931337123,0.2571434843363542,0.8142175027652439,-0.03011958913154875,-0.0124489883936372,-0.5796444524268752,1
2.002,0.022173487181480822,-0.32990272627699724,0.2579858663323702,0.8145200167581198,-0.030876658193305435,-0.011175273179413197,-0.5792053932315646,1
2.035367,0.022394360744883865,-0.32846686514708884,0.25795250319115065,0.8145504024421468,-0.031000908117290865,-0.00997117786420012,-0.5791780047526325,1
2.068733,0.02285202435480315,-0.32741373703646376,0.2575841652667016,0.814687444962795,-0.031515949310936264,-0.009328199049939617,-0.5789681309549845,1
2.1021,0.023156781976677213,-0.32618139630442566,0.2570671185876847,0.8150366761405754,-0.03298460079983222,-0.00848410000639011,-0.5784075143900534,1
2.135467,0.023742009646106857,-0.3245860484422571,0.2565846284600013,0.815149747173182,-0.03388425409099806,-0.006996629692672389,-0.5782160445552665,1
2.168833,0.02574011982943871,-0.3223326135054694,0.25598854258663717,0.8155479993715241,-0.03546576607873685,-0.0056145901975270356,-0.5775743385352805,1
2.2022,0.028464327787753062,-0.31976960333494503,0.25545643895779285,0.8155311460486451,-0.03650479838532382,-0.0050259554098575215,-0.5775388205927361,1
2.235567,0.03170418061364742,-0.3171464607788536,0.2551895812754589,0.8154944099727551,-0.03772505540395575,-0.004018757609076303,-0.5775201616266188,1
2.268933,0.033402623806947154,-0.31570308070001796,0.25498160954385823,0.8154581934489105,-0.039406054155858725,-0.0018580017447317138,-0.5774700385841862,1
2.3023,0.03577402731574608,-0.31391523477572336,0.2547705868060195,0.8156303283639695,-0.040339290806755315,0.00019362105955079842,-0.5771653762839353,1
2.335667,0.03820744393556086,-0.311731794733488,0.2544101975008387,0.8159995094188546,-0.04202418200440988,0.002116500278808545,-0.5765191143245978,1
2.369033,0.041234135089604565,-0.3098398678063564,0.25408057528035477,0.8160548850747824,-0.04400921287917467,0.0041756767385614305,-0.5762813353312027,1
2.4024,0.04402309556646956,-0.3079168987231529,0.2537444552737632,0.8159114973570446,-0.04740284536925647,0.0069964418142289915,-0.5761878587174707,1
2.435767,0.04664875158583265,-0.3058416257756632,0.2530783250292732,0.8155782128220922,-0.05143418830168448,0.009499489217034094,-0.5762781123279667,1
2.469133,0.04890155199653223,-0.30393975339627416,0.25249157256067767,0.8152345860417721,-0.05533489412792598,0.011012135312451862,-0.5763760509329062,1
2.5025,0.04941962032644506,-0.3027608158460844,0.2515132634957891,0.8149181909933108,-0.06047184373278757,0.012587068707566951,-0.5762751632728051,1
2.535867,0.05078339431943456,-0.30153194727558125,0.2507945471396872,0.8144317665986873,-0.0648086023368256,0.013577841109504236,-0.5764688932187872,1
2.569233,0.05148865675014707,-0.30002270139121845,0.25000991324720656,0.8143935286681983,-0.06854274931045747,0.013337488457480921,-0.5760965052679721,1
2.6026,0.05209294658892446,-0.29804742983181864,0.2489543818618622,0.8143282893980676,-0.07108050762118978,0.014307745923001543,-0.5758578704237133,1
2.635967,0.05225874453616145,-0.2961485660472023,0.24811253035591613,0.814537801419975,-0.07260566424820987,0.01631250468528851,-0.5753177294051366,1
2.669333,0.05243752877920455,-0.2940043617213553,0.24680766424274542,0.8154352344932223,-0.07400177802965582,0.017954531272117137,-0.5738176975331378,1
2.7027,0.05202810007970495,-0.29148301972282675,0.24533052490516544,0.8161108448240805,-0.07471987863607357,0.01928765462891457,-0.5727198399532287,1
2.736067,0.05199419385523338,-0.28935020216139296,0.24372031934488905,0.8162009014532722,-0.07523032467498604,0.0201296703131512,-0.5724956620702432,1
2.769433,0.05146726596457485,-0.2865620722486665,0.2423817948526929,0.8165850864373192,-0.07719728094753033,0.021142853063691448,-0.5716488049377793,1
2.8028,0.050818322434874656,-0.28370826471033617,0.24093794482889258,0.816768841789614,-0.07876351739298985,0.02162191668616003,-0.5711544975996895,1
2.836167,0.0502740544567038,-0.28021487316496274,0.23949288194547916,0.8170297140737743,-0.08002675631708865,0.021839045617673032,-0.5705972490999243,1
2.869533,0.049789074014037045,-0.27637684448348643,0.2377215175989639,0.8174743052864071,-0.08125815418355169,0.022488543723368885,-0.5697605970724814,1
2.9029,0.048931811804887794,-0.2721874066454914,0.23603051822270177,0.8180242026877927,-0.08212976878662984,0.023361752617548016,-0.5688104547304771,1
2.936267,0.04823351837305464,-0.26796830694761764,0.23453902735453216,0.8183997649386516,-0.08295347843767219,0.02450702592610567,-0.5681020602354014,1
2.969633,0.04767781259318027,-0.26388801908451953,0.23350838309345767,0.8190030962799961,-0.08303381802312992,0.02561510085203711,-0.5671712086809602,1
3.003,0.04755404949059635,-0.2613267734664604,0.23346024804429993,0.8196045389781884,-0.08393195412495734,0.02673161553131937,-0.5661176975631508,1
3.036367,0.047023871019928026,-0.25771454727894927,0.2327109094307478,0.8198060494972853,-0.08515806462966673,0.02772357899734103,-0.5655948624269516,1
3.069733,0.046679297677176365,-0.2541897435480236,0.23192607685171845,0.8199145207621484,-0.08689884812837657,0.027616767703720145,-0.5651779215246617,1
3.1031,0.046865134963456546,-0.25102726193970715,0.2311055385361415,0.8197776880828693,-0.08846317992720298,0.026987575399093265,-0.5651641166004361,1
3.136467,0.04694238301744549,-0.24755588287631836,0.23015463568441624,0.8195958399083777,-0.09027533565950788,0.027253233154576124,-0.5651285555155273,1
3.169833,0.04672290439213338,-0.24351518525545612,0.229606178336471,0.8190474370649365,-0.09180119887547075,0.028616724256731098,-0.5656102180965256,1
3.2032,0.04625911743559685,-0.23864411495798582,0.2289827309154801,0.8189408830638355,-0.09331222482357811,0.029485080959420134,-0.5654726242232383,1
3.236567,0.04549389282618818,-0.23388332403491793,0.22790238678626454,0.8191316713416166,-0.09442961594583058,0.029681554298444424,-0.5650003167891513,1
3.269933,0.04560664198878825,-0.23004801262671074,0.22723276331694095,0.8190322697138648,-0.0951645175087803,0.029454753052176777,-0.5650329842560621,1
3.3033,0.04522102367676799,-0.225644532182508,0.226364706682881,0.8187868354058703,-0.09613178044187858,0.030003123590361915,-0.565196082373132,1
3.336667,0.04522293737553473,-0.22153776792987984,0.22536820340592073,0.8185887712950626,-0.0976805695866882,0.030624211676439677,-0.5651841182252529,1
3.370033,0.04525142827104604,-0.21625815206388735,0.22394954716413148,0.8185240716975742,-0.09853391623511744,0.03066984984226229,-0.5651272172826647,1
3.4034,0.0450393091433143,-0.211305167810916,0.22256938294105136,0.8186646025963982,-0.09939375480339359,0.03138982021195276,-0.5647334142308437,1
3.436767,0.04490640478988224,-0.20562983165567397,0.22141729927934758,0.8186588082074797,-0.10051796101177246,0.03293942504628479,-0.5644545061703066,1
3.470133,0.04492941446788579,-0.19984748732150473,0.21991427336365166,0.8189048893372445,-0.10191559479454178,0.03319031590918331,-0.5638318869016533,1
3.5035,0.045283277050947,-0.1950916072543583,0.21893532705478147,0.8189652094649773,-0.10361078091427858,0.03235265331391219,-0.5634838929267358,1
3.536867,0.045972991578236616,-0.19048601433018977,0.2181716432580874,0.8187250081718003,-0.10540124531503156,0.03203703023934046,-0.5635189146546632,1
3.570233,0.046423605778994986,-0.1857364179621066,0.21716497229115644,0.8181870527556618,-0.1075252611713083,0.03204626962469884,-0.5638983077791481,1
3.6036,0.04705483414082736,-0.18121883122776986,0.21611943036638265,0.8174188939672855,-0.10904760316070992,0.032146871555705565,-0.5647136891198804,1
3.636967,0.04759983683130452,-0.17637241036322626,0.2148226632226465,0.8169923742225289,-0.11097912763079057,0.03229692244108586,-0.5649460173267694,1
3.670333,0.04795000725605825,-0.1716893902494142,0.2138094283498585,0.8168068375248583,-0.11242556587852146,0.03225615946219258,-0.5649306351104386,1
3.7037,0.047949262201803865,-0.16678676937525647,0.21257098516425915,0.8165836378896308,-0.11240770021579732,0.032243190881698615,-0.5652575058368514,1
3.737067,0.04724519939960905,-0.16123474042898814,0.21136171973264994,0.8168056946218368,-0.11258527780429127,0.03287003816986173,-0.5648650927839152,1
3.770433,0.04766277601193842,-0.15632500989810327,0.20996773345346126,0.8170206191756998,-0.11267157582659944,0.03427848077200926,-0.5644531952238999,1
3.8038,0.048090742233476785,-0.1518537432652242,0.20872736225868602,0.8170892378259222,-0.11230855863041278,0.03536723613047059,-0.5643590379323291,1
3.837167,0.04850767004131921,-0.14716482208974224,0.2073759777540925,0.8170072667537043,-0.11159150422481054,0.03642361471278543,-0.564552727872021,1
3.870533,0.048874227842986374,-0.14320333403469612,0.20634246463384281,0.8168971938126116,-0.11107434122062185,0.037203024606708386,-0.5647631365657622,1
3.9039,0.04947830579525716,-0.13916441277746397,0.20518594367553322,0.8169733181923755,-0.11171770581930317,0.03781670658229611,-0.5644852950002147,1
3.937267,0.05011858396030446,-0.13491213106144959,0.2040691538801328,0.8170097953799772,-0.11194713571906358,0.03826123946840298,-0.5643570772231061,1
3.970633,0.050768482266292575,-0.1305870937860107,0.20274515680686,0.8174752743121166,-0.11225140936647378,0.03881707722681493,-0.5635840944341293,1
4.004,0.05125742549831442,-0.1261892710692633,0.20148137451487416,0.8180300386735461,-0.11210592243313304,0.03914131163833161,-0.5627851061518987,1
4.037367,0.051785664791154346,-0.12205924393312079,0.2001829742991028,0.8187864584575654,-0.11168001365662486,0.04031223201496328,-0.5616860635142601,1
4.070733,0.05222819072050569,-0.11765592850575474,0.19895667194782177,0.8196540532777966,-0.11223777112476334,0.04228446119211382,-0.5601624228917151,1
4.1041,0.052958651465513235,-0.11339964586026585,0.19788094435167983,0.8198069301979649,-0.11270350221439139,0.043888325662169964,-0.559721656413767,1
4.137467,0.053700476258574784,-0.10953682873949888,0.19684129932419123,0.8196704682215542,-0.11327052849871717,0.04438201689476568,-0.5597681193810808,1
4.170833,0.05439591040531167,-0.1057875929627663,0.19573915001560818,0.8196315932560883,-0.11387329569682153,0.044727860456675775,-0.5596752114955589,1
4.2042,0.05498473129418992,-0.10240244931604581,0.19480323744667516,0.8196087780640887,-0.11489222021847652,0.0458285910147026,-0.5594112699071834,1
4.237567,0.05570105076322556,-0.09930052752922552,0.19403894612993677,0.8196129175854029,-0.11586821161950692,0.0473400087865608,-0.55907794307353,1
4.270933,0.05642228854855354,-0.09642087150330181,0.19332723575411875,0.8195376612300412,-0.11707028603216615,0.04847429426559318,-0.55884059690523,1
4.3043,0.05795272761438681,-0.0932895483100073,0.19261389589480904,0.8191682565815425,-0.1181967643191831,0.04927157305177211,-0.5590753119237475,1
4.337667,0.058777268686596766,-0.09090118446713025,0.19252913612231978,0.8187746788937411,-0.12019810030919172,0.05016390395555211,-0.5591457990761003,1
4.371033,0.0595402457127529,-0.08847926367226822,0.1921336174005571,0.818257473663069,-0.12103283125542898,0.05048971161105551,-0.5596932638278393,1
4.4044,0.060260407311040314,-0.0866041974633463,0.19190190753297456,0.8170969262416871,-0.12170401105421709,0.04979635670487456,-0.5613030105732757,1
4.437767,0.06075244124648291,-0.08421834460453365,0.19148588082878504,0.8163328464111772,-0.1231700606889986,0.050049389116868105,-0.5620719515054297,1
4.471133,0.06110412971235729,-0.08145991604248876,0.19118152504016106,0.8160306771350012,-0.1240072143175053,0.049875466142259586,-0.5623420512898677,1
4.5045,0.0609193652552925,-0.07853003190701402,0.19162518444185314,0.815632255750412,-0.1235845686569604,0.05091215617540068,-0.5629199144842357,1
4.537867,0.0610504741685936,-0.07641981211377424,0.19180277101876353,0.8151740932809609,-0.12312733862490134,0.05284287326821625,-0.5635055340202715,1
4.571233,0.06077061798986436,-0.07381554704520943,0.19168385769769536,0.8146422954922772,-0.12308574659011265,0.05447329258273047,-0.5641280792307932,1
4.6046,0.060939858185301767,-0.07107833180954731,0.19156754045464552,0.8141882839480048,-0.12391385336936775,0.05528573094910476,-0.564523058145884,1
4.637967,0.06157010438639098,-0.0688200628554097,0.19156786040304702,0.8132569535719733,-0.12501321169463564,0.05507610843532313,-0.5656425078158873,1
4.671333,0.06210782137152909,-0.06592509413516906,0.19158743976034878,0.8123147537520479,-0.12605943916848655,0.055019921913343796,-0.5667685302007567,1
4.7047,0.06274501757004818,-0.06318674709575006,0.1914705128965956,0.8120195938388916,-0.12806868380450376,0.05523769366722913,-0.5667198502334544,1
4.738067,0.06351845530613152,-0.061391055565338304,0.19142360432698274,0.811698399150474,-0.12912546268636663,0.056088661528628694,-0.5668565830529942,1
4.771433,0.06507833528550146,-0.06061970676322026,0.19088135437489226,0.8110160904671863,-0.1299062741143,0.057024582671464,-0.5675609728656529,1
4.8048,0.06592042978840586,-0.05866474744706224,0.19069055157898032,0.8104436547289843,-0.13132010451481668,0.05759843103549196,-0.5679951878334836,1
4.838167,0.06670289537726959,-0.05725323123092885,0.19068910264299915,0.8097685301631605,-0.13280508718618372,0.05747115294468794,-0.5686253625666664,1
4.871533,0.0677117536641929,-0.056434680926499614,0.1907233732514013,0.8089274493772894,-0.1331670846170606,0.05555602558523564,-0.5699266946193325,1
4.9049,0.06812753011199192,-0.054991729386834665,0.1908087183171942,0.8082638831344029,-0.13355913570348388,0.05453511172149067,-0.5708742191412738,1
4.938267,0.06818113309844585,-0.053911684796735415,0.1910326294135068,0.808281643778829,-0.13332948734788191,0.05389860625366371,-0.5709631970430824,1
4.971633,0.06801776993421284,-0.0535350324114674,0.19147265225617324,0.8090983927147359,-0.13154556618142502,0.055046663015207074,-0.570110006766527,1
5.005,0.06788563045584979,-0.05369649735262483,0.192155456504874,0.8091473381992074,-0.12984797658456151,0.05717898437065035,-0.5702198276177123,1
5.038367,0.06703397441642348,-0.05475413732033618,0.19270207095497824,0.8088412624886819,-0.12850318296496527,0.058632832252290115,-0.5708107699103641,1
5.071733,0.06682432580629358,-0.05622004025125105,0.19309759568011933,0.808540767902272,-0.12836738609048526,0.05731752240068228,-0.5714003346640146,1
5.1051,0.06648680368653714,-0.057942456825568645,0.19316782312702466,0.8081903021688464,-0.12981574823179107,0.054548748683734855,-0.5718397861361935,1
5.138467,0.06566583516907476,-0.0604105979010196,0.19365159595355028,0.8073615522171871,-0.13122566080837167,0.052671212178760814,-0.5728637650912128,1
5.171833,0.0647086228116242,-0.06293309348295917,0.19400286187567983,0.8067121010254794,-0.13228201175316368,0.050966766700246836,-0.5736893271777985,1
5.2052,0.06322129333635661,-0.06517383210721317,0.1942143831139861,0.8067345287748119,-0.13243102051861724,0.049315168177014264,-0.5737677570886609,1
5.238567,0.06139349157536013,-0.06741160008292418,0.19442817414795052,0.8069407851564053,-0.1319626556953115,0.048458017795738176,-0.5736586504745766,1
5.271933,0.05872425267667123,-0.06881444819203669,0.19440215516117546,0.8074689905197828,-0.13050493279193742,0.047819186120059254,-0.573302378596801,1
5.3053,0.056801219535403596,-0.07096726309750662,0.1944390402927882,0.8078246733250273,-0.1281621045000293,0.04736753232415284,-0.5733673246871999,1
5.338667,0.055088354550956564,-0.07319624455284435,0.19431564714815058,0.8085390117197017,-0.1258190950460367,0.04743498370373065,-0.5728735848074611,1
5.372033,0.05333767879242671,-0.0752336449797224,0.19426510976489317,0.8088635837333134,-0.12331917648629491,0.04673024749508813,-0.5730168999164779,1
5.4054,0.05182893362012971,-0.07706213316881394,0.1940789759212046,0.8092365849232437,-0.12156586293751766,0.04506552787146578,-0.5729982450127477,1
5.438767,0.050406768813365074,-0.07875760998543108,0.19387062818179077,0.8096309121658968,-0.11997886480268857,0.04403753212260971,-0.5728556134233355,1
5.472133,0.048706186910641394,-0.08155378540946528,0.1937956222918809,0.809919205908887,-0.11908186670114257,0.04388590968716823,-0.5726468509071004,1
5.5055,0.0476964615106193,-0.08269898035121032,0.1930528062961759,0.8100924829252844,-0.11810820553759765,0.04335257531608567,-0.5726440212785772,1
5.538867,0.04695484880856861,-0.0833303629028232,0.19266822574147782,0.8100858024330304,-0.11719164651530939,0.04255724071087185,-0.572901380646391,1
5.572233,0.04654688105966479,-0.08368537036173668,0.19250900857992542,0.8100133979498686,-0.11625633577583086,0.04271010470467206,-0.5731828735140304,1
5.6056,0.045970864112851464,-0.08370504066051432,0.19244209433896511,0.8101213248989372,-0.11607333257905854,0.043398487182683285,-0.5730156993645432,1
5.638967,0.04591223724649359,-0.08407502077291285,0.19242162754418413,0.8100527140627207,-0.11541371316250125,0.04288482836803931,-0.5732845425698375,1
5.672333,0.04577945444931919,-0.08389603698061665,0.19246286729925433,0.8099692776134281,-0.11515357345678931,0.04264432298232771,-0.5734726545877252,1
5.7057,0.04609707736682559,-0.08344538681509983,0.19218279527908574,0.8102524229669907,-0.115304558466779,0.043769062631254664,-0.5729573623135349,1
5.739067,0.0456751744124896,-0.08202165179323978,0.1920843479887514,0.810758869438899,-0.11601320594749712,0.04484889366632697,-0.5720136085871109,1
5.772433,0.045702154383551255,-0.08105792985330884,0.19201819498791062,0.8105856128659054,-0.11654348339861295,0.04549354683491512,-0.5721004438807065,1
5.8058,0.046130142234224084,-0.08072726451177753,0.19207908827924838,0.8099133021905759,-0.11592893260223672,0.04482393765632394,-0.5732292212836368,1
5.839167,0.04651087480939478,-0.08015468728975733,0.19203514112517756,0.8094412553555584,-0.11490375081876605,0.04417373517594725,-0.5741521255702202,1
5.872533,0.0468876206072461,-0.07946977030705837,0.19186686237086958,0.8087840261239396,-0.1143317457699905,0.043889795869133226,-0.5752132967991114,1
5.9059,0.047130576032330306,-0.07833307793656175,0.19175581140840822,0.8086804633890855,-0.11283931768054734,0.04322790662199944,-0.5757035214476998,1
5.939267,0.04753224699681499,-0.0768646455104891,0.19152913891074794,0.8087379580052596,-0.11193020200776685,0.04345114344764582,-0.575783417000764,1
5.972633,0.047683824957206924,-0.07559143816035063,0.19106024890742068,0.808577808687276,-0.11317107086292186,0.04451996162265592,-0.575684122618767,1
6.006,0.0489785582266306,-0.07521926409709373,0.19070192161714453,0.8089515138675462,-0.1135097071704435,0.04396211853230528,-0.5751350508564373,1
6.039367,0.049440168754994004,-0.07472619951358472,0.19015422397231543,0.8089492619107543,-0.11373484190474091,0.043412803646419466,-0.5751354674079029,1
6.072733,0.049549483675175116,-0.07403265068276971,0.1895162753562837,0.8094855101674685,-0.11381935336522539,0.04251168804085074,-0.574431127297566,1
6.1061,0.04984824016533772,-0.07306554193788817,0.18858158293849317,0.8099907704463398,-0.11288088228240115,0.04235162718959057,-0.5739156714024154,1
6.139467,0.05022447946942542,-0.07198967416300328,0.18731660948653736,0.8103235726842785,-0.11320595306111471,0.04360233750527504,-0.5732878473400492,1
6.172833,0.05078678240326315,-0.07090948353947102,0.1860554480561009,0.8117134962517003,-0.11322122337007104,0.04414502846569609,-0.5712734643261389,1
6.2062,0.051364428146906,-0.07019298876168545,0.18514552946818755,0.8122280662949122,-0.11230521034566422,0.043679003367254075,-0.5707584889573588,1
6.239567,0.05134770969830047,-0.06866417974819655,0.18396841021030108,0.8128888591225022,-0.11143072570987661,0.04312713650306073,-0.5700306537190201,1
6.272933,0.051829231248773866,-0.067651650863424,0.18276311619511046,0.8142631093449806,-0.10990131861608059,0.04352196523739811,-0.5683336409787527,1
6.3063,0.05195199422234177,-0.06630018783119779,0.18121158755589792,0.8153873394877851,-0.10882267144206871,0.04670085778033982,-0.5666746356294973,1
6.339667,0.0522122556309003,-0.06484862024918991,0.17992064160294566,0.8171651092700417,-0.10916590283340973,0.048805520950815924,-0.5638634683812802,1
6.373033,0.052333515125258426,-0.06407912582132891,0.17953185550748185,0.818687472661324,-0.10885263742171088,0.04839074826499428,-0.5617475063728412,1
6.4064,0.05291611489095232,-0.06301097993048604,0.1784384668154653,0.8191107477955621,-0.10810901135113671,0.04952873465753717,-0.5611745975662992,1
6.439767,0.052563776438619,-0.062303016401578704,0.17816191674164258,0.8193720268179367,-0.10558120230273624,0.05133523836719397,-0.5611120963678811,1
6.473133,0.05191807492531852,-0.06162132309375773,0.17765233323088053,0.8203961547015811,-0.10303976720782242,0.05412872549355803,-0.5598241123791116,1
6.5065,0.05179296532908613,-0.06184519127210142,0.17784511610087936,0.8210255866895131,-0.10132164063694553,0.05649289130798214,-0.5589807370307522,1
6.539867,0.05128446375364634,-0.061730455647464766,0.17781179808357986,0.8214462621737649,-0.09996147630112716,0.05851451426309997,-0.5583993134281264,1
6.573233,0.050814018309089166,-0.06203723325664223,0.17779569010248725,0.8212571396368172,-0.09843729869541595,0.05970983736748374,-0.558821567356389,1
6.6066,0.050819639006993614,-0.062448752292567966,0.1773847785478606,0.8207978944360756,-0.09836149728052426,0.05969998829958006,-0.5595102713436709,1
6.639967,0.051565314761870464,-0.06303035970290777,0.1771696838863786,0.8199630487939822,-0.10041137482980014,0.05801777765819443,-0.5605462442054815,1
6.673333,0.05198594730713683,-0.0633031498535711,0.1771569996423791,0.8192134431494298,-0.10227610831069084,0.05630126273112424,-0.5614793852377455,1
6.7067,0.052368049332696405,-0.06338745705741605,0.17707553757065345,0.8187236072384301,-0.10324727455749741,0.055083649544208135,-0.562136501927986,1
6.740067,0.05277776045301868,-0.06366508505623641,0.17697505258206786,0.8183000611008913,-0.1041960371607441,0.054088048363256654,-0.5626745763463357,1
6.773433,0.05267496381619439,-0.06355647573609369,0.17680116634536291,0.8180660413290625,-0.10358251092175672,0.05414248215731437,-0.5631227282584017,1
6.8068,0.051829941554690284,-0.06346214451414939,0.17705025873062252,0.8181657564472478,-0.10242068514627425,0.055543407145776644,-0.563053930058133,1
6.840167,0.05150693167257032,-0.0636157328914011,0.17673504679774077,0.8183645241878506,-0.10175670169898422,0.057059820560072076,-0.5627337346274786,1
6.873533,0.05160359510360405,-0.06391967276463029,0.17672360386167135,0.8183451495907617,-0.10138426062571883,0.0583643126983789,-0.562695348160882,1
6.9069,0.05170180852421672,-0.06388866453564235,0.1767990710504351,0.8181122979050742,-0.10251702645065738,0.05972524720184417,-0.5626859000818066,1
6.940267,0.051776246792699765,-0.06393560849477897,0.17679715755829628,0.8178701967675444,-0.10486420770524187,0.05997957110016516,-0.5625782525412889,1
6.973633,0.05174554221630351,-0.06414288135393376,0.17670904627831846,0.8175267779248024,-0.10679986508594973,0.05913151329070458,-0.5628030031276173,1
7.007,0.05193726205915909,-0.06491307905852772,0.176850114425782,0.8170478258591871,-0.1094297085848308,0.058028053266150605,-0.5631081016749406,1
7.040367,0.05260450154692101,-0.06568488482617069,0.17715939657386226,0.8161887146681911,-0.11062706131982546,0.0531198049600513,-0.5646024456845999,1
7.073733,0.05343704693688721,-0.06715355656220018,0.17767508508284152,0.8143460972394941,-0.11136856040478113,0.04940241630823173,-0.5674476882736234,1
7.1071,0.053505898711239404,-0.06748916371861186,0.17847860320839948,0.8133123613522408,-0.11247647775684264,0.05027870478715341,-0.5686335345967409,1
7.140467,0.053631672792735195,-0.0680302681789231,0.1797442867389209,0.8126492779864413,-0.11233053362101021,0.052236960660295054,-0.5694333166802849,1
7.173833,0.053547579492089416,-0.06819825559355869,0.18114446578119858,0.8121509967714835,-0.11204890357145675,0.05491944135836864,-0.5699470647458456,1
7.2072,0.05374634776991757,-0.06829886976632182,0.1826100030160935,0.811663867540079,-0.11080474262036319,0.05631537594135842,-0.5707474516590498,1
7.240567,0.05370522789991339,-0.06854506126419552,0.18431304454932723,0.8103093273108388,-0.10923236377002149,0.05743316696915902,-0.5728599445852033,1
7.273933,0.053778680272400944,-0.06885475463571811,0.18672667714474364,0.809074641924981,-0.10976331191087202,0.05564835835745074,-0.5746768651724559,1
7.3073,0.054944577478977547,-0.06895834716481486,0.18868585486235342,0.8081496771696441,-0.11207602926318062,0.05398146276893801,-0.5756900768925277,1
7.340667,0.054638393616618264,-0.06876006361380771,0.19097031158531722,0.8077288418159433,-0.11064120641016828,0.05577356614907178,-0.5763869801286221,1
7.374033,0.053864873668958216,-0.06834579305596478,0.1929880145718465,0.8072782860157759,-0.10722835114362794,0.06012845642922646,-0.5772247555033381,1
7.4074,0.054177867319660816,-0.06799054855466735,0.19493210683992132,0.8064287314954777,-0.10608272918939755,0.06033642920354546,-0.5786006143250187,1
7.440767,0.05459759513616939,-0.06793872720529931,0.19718405223578245,0.8044880264266506,-0.10580949602339354,0.05754625551795044,-0.5816285707935013,1
7.474133,0.05403485550794197,-0.0671225689424938,0.19955206986945856,0.8030170806896837,-0.10543332185748344,0.05771248626621321,-0.5837093897580254,1
7.5075,0.052815976826140566,-0.06600433447307585,0.20130080850492785,0.8020995498699446,-0.10422942172849514,0.05925950184540781,-0.5850306412365169,1
7.540867,0.052113546882190526,-0.06545781540488843,0.20298401980052114,0.8007011588284753,-0.10260698927532064,0.05845115770332122,-0.5873099030032888,1
7.574233,0.05173007817287082,-0.06503211691165245,0.20442376583167915,0.7994925951967137,-0.10251764397616747,0.05625571953550782,-0.5891833474553925,1
7.6076,0.05049569405213645,-0.0641140656987444,0.20561951289015953,0.7988958729759236,-0.10245364778389104,0.05598142182396271,-0.5900294184262161,1
7.640967,0.04921158400508823,-0.06386882301822056,0.2065467618867001,0.7985775579680632,-0.1012813014614599,0.0552996675988225,-0.5907266107494207,1
7.674333,0.04739959604205506,-0.06318298340361334,0.20731789538028988,0.7987069332337614,-0.09957785118810714,0.05402792539658834,-0.5909589407348194,1
7.7077,0.045026444141926227,-0.06236969892544236,0.20794772229661038,0.7989972898201101,-0.0976618509251964,0.052995837392126044,-0.5909796400495462,1
7.741067,0.042468130996579555,-0.061983726356889646,0.20850559121539408,0.798881826909981,-0.09526207411196826,0.05023713674627525,-0.5917678547880014,1
7.774433,0.03949497648515889,-0.06119909986082667,0.20898039908358715,0.7993377970413046,-0.09243210868703731,0.047889660200011175,-0.5917955491136693,1
7.8078,0.03643563481322654,-0.06080067361147101,0.2093763378785825,0.7994824799866598,-0.0892765349031308,0.045361914131736375,-0.5922835142534146,1
7.841167,0.03319968816881285,-0.06035620558550597,0.20995567911078025,0.7995615697113504,-0.0867552916782353,0.04150848743665846,-0.5928337550083214,1
7.874533,0.02947319215278356,-0.06028017339358449,0.21063255339252074,0.7994440722778975,-0.08472197093378306,0.039435158359539965,-0.5934275282003566,1
7.9079,0.02533643209600136,-0.060307090409830955,0.21099477342332035,0.7989000392716287,-0.08168701296622324,0.03699128387100021,-0.5947416280049861,1
7.941267,0.02109516196218083,-0.06027586965556342,0.2110778152859354,0.798455247904792,-0.07945272103000607,0.03333646368039449,-0.5958566626324749,1
7.974633,0.016434964466849923,-0.060012305563815094,0.21104467389550463,0.7983274357186338,-0.078324217216003,0.029971491681491106,-0.5963558770254531,1
8.008,0.010954860701265787,-0.059900925375826586,0.21095264855060547,0.7985397509718102,-0.0759707948258517,0.024458365557644204,-0.5966275997686132,1
8.041367,0.005860135817673257,-0.05977031609586503,0.21084054219346515,0.7989994185952094,-0.07209403141561001,0.02026818579979424,-0.5966502998936206,1
8.074733,-3.810030146830703e-05,-0.05914866168411137,0.21045047138481962,0.8001323132617725,-0.0685822824149388,0.017738647752859972,-0.5956257987940266,1
8.1081,-0.006150821605723748,-0.05793676555738703,0.21046004150863645,0.8007872360213408,-0.06470802047410798,0.012762288762744054,-0.595306474597043,1
8.141467,-0.011960422404088749,-0.05743199360889628,0.210095346246925,0.8007072766573553,-0.060833957317475526,0.006800437503042314,-0.5959201631047771,1
8.174833,-0.018030548875586097,-0.05648841169768981,0.2101265588266903,0.8008683082660429,-0.05698152092651847,0.0010819446084960114,-0.5961223771037717,1
8.2082,-0.023908029608586817,-0.05545725425298126,0.21013895678461844,0.801034132080582,-0.05202091346306049,-0.004593832197233857,-0.5963363484730082,1
8.241567,-0.029790709085877012,-0.05449174710019311,0.21010182026797758,0.8012092601009035,-0.04716198104077683,-0.00791027161904911,-0.5964703652955315,1
8.274933,-0.0350051277551133,-0.05392598785477698,0.20989050153732916,0.8010861830951255,-0.042451129788659774,-0.011930587604019216,-0.5969225158369991,1
8.3083,-0.04074864263153946,-0.05324102256692498,0.20971629702840705,0.801012809714382,-0.039367360828626706,-0.017650574142420192,-0.5970905683456261,1
8.341667,-0.04612743030482934,-0.052935341296911964,0.20935434635685474,0.8009056083059035,-0.037599552449477706,-0.02365245325706002,-0.5971407218526235,1
8.375033,-0.05084400431592059,-0.0518912547328676,0.20892693547488705,0.8010207561265509,-0.034366429532601044,-0.029281068390537346,-0.5969315838599414,1
8.4084,-0.05542663494886326,-0.05119467402578526,0.20828708276565153,0.8019652673145001,-0.029188870325534518,-0.03360874197518898,-0.5957098054700348,1
8.441767,-0.0600637689838769,-0.05064189832261429,0.20745149479828492,0.8031139100329168,-0.023248569995203403,-0.03430146035989011,-0.5943828407028563,1
8.475133,-0.06429459128218243,-0.04940081043110783,0.20646761580043554,0.8040281319090596,-0.017090393881263582,-0.035669137261351846,-0.5932742992771908,1
8.5085,-0.06710321159416038,-0.04834002708049656,0.20518644605268885,0.8056872067501671,-0.011167566515290685,-0.03819434362393016,-0.5910030477521899,1
8.541867,-0.06980600107934348,-0.047035925559545444,0.20367962839876794,0.8074010100261356,-0.007314489236898973,-0.038626712552828804,-0.5886918415719218,1
8.575233,-0.0718430568098535,-0.046323038532163296,0.2022338899055135,0.808502456882614,-0.0019327719746800797,-0.039503575870093836,-0.5871622510863131,1
8.6086,-0.07313554029570252,-0.04544052648128838,0.20059254934164983,0.8100583281175827,0.0032095129402125023,-0.03990442208276907,-0.5849810605244187,1
8.641967,-0.07448377837514993,-0.044825293818527734,0.19886817735798584,0.8115506710405669,0.007807408852880348,-0.0382226929222068,-0.5829781972307234,1
8.675333,-0.07465747417529618,-0.043590043294294445,0.19683949850975524,0.8129491856132173,0.01064613354877808,-0.036703959182390576,-0.5810792552067281,1
8.7087,-0.07363516757825828,-0.04246161496241829,0.19500674712131233,0.8146676627442748,0.011047509855390334,-0.036527376914289124,-0.5786711523313885,1
8.742067,-0.0726760453788002,-0.04195577298045439,0.19338901583540136,0.8156741972950649,0.01059488750871267,-0.03708254234632034,-0.5772245986432514,1
8.775433,-0.07161311232785349,-0.04116643900062411,0.19158264587245066,0.8162736585615331,0.009694043731283642,-0.03744105379876056,-0.5763692456621397,1
8.8088,-0.07080306869439024,-0.04093033294505449,0.19024432496753735,0.8173038580148908,0.008216559519627041,-0.03729284974071198,-0.5749401144309313,1
8.842167,-0.0700911270319925,-0.04037752016210083,0.18922150232834184,0.8178602686612965,0.008122929504475232,-0.036536438321580676,-0.5741982999246084,1
8.875533,-0.06941050309784386,-0.03992464276215396,0.18842628659918478,0.8185147679600426,0.007299205475825845,-0.03665450001805799,-0.5732684745031469,1
8.9089,-0.06880976558694903,-0.03966605992778355,0.18783803048716238,0.8190508144606978,0.006985836654689067,-0.03743323279103665,-0.5724558624909991,1
8.942267,-0.068270476333089,-0.03939636859469753,0.18677767333436449,0.8194976054709392,0.007693745410412682,-0.03627166769047662,-0.5718818470907325,1
8.975633,-0.0678753642496856,-0.038979471541238986,0.18579180899604555,0.8203659030859131,0.008601977081956567,-0.035439704892539864,-0.5706748797357787,1
9.009,-0.06772810136258255,-0.038965684862906635,0.18494848628171034,0.8206779076731251,0.009782541374222681,-0.03581301966464657,-0.5701837435108289,1
9.042367,-0.06757574179412797,-0.038776216028725385,0.18433741300280726,0.8211599536791852,0.01040256390014974,-0.03657602595860382,-0.569429812587098,1
9.075733,-0.06755487270618515,-0.03855906689701666,0.18377650423195258,0.8216155751783468,0.011947005157061935,-0.036475166702778374,-0.5687483432117721,1
9.1091,-0.06798018389853887,-0.03872921042191091,0.18324381171510867,0.8220494885757557,0.013906086164015142,-0.03612898357898168,-0.5680985439564931,1
9.142467,-0.06831127290293443,-0.03878627039767285,0.18261132754194603,0.8224087734923471,0.01592561459114257,-0.0363492769700345,-0.5675111577286067,1
9.175833,-0.06818461407474839,-0.03917352936501295,0.18253043358052262,0.8215950961672137,0.01682314322691675,-0.03655517314028833,-0.5686494518793077,1
9.2092,-0.06802854465722369,-0.03884521533945107,0.1825436721745643,0.8215950552229149,0.01691445780996727,-0.03719622327932512,-0.5686052297719436,1
9.242567,-0.06802316879339107,-0.03882589798382158,0.18241942714822196,0.821803541258473,0.017131283872139608,-0.03699101138999413,-0.5683107633718287,1
9.275933,-0.06797735492980737,-0.038743213582074665,0.18252607799959514,0.8219217256855607,0.0173060853401493,-0.036952401856362976,-0.5681370400293536,1
9.3093,-0.06810424923628638,-0.03873828160171017,0.18248049244229497,0.8220575703528249,0.017397046457310005,-0.03664292612484355,-0.5679577358969431,1
9.342667,-0.06851334331587093,-0.039154886418792834,0.1823052869562459,0.8219099686106545,0.017432354744366038,-0.03711786751071541,-0.568139402275495,1
9.376033,-0.06823012910026187,-0.03906141625237103,0.18204457479963504,0.8218036529384684,0.016162633536187004,-0.03737883798709319,-0.5683135998415829,1
9.4094,-0.06753172619771568,-0.038941846344573205,0.1817826307169033,0.8220111525842004,0.014440710572205398,-0.03767221235632918,-0.568040434583264,1
9.442767,-0.066905804949713,-0.03819469384357749,0.18141970531625712,0.8229624752632594,0.011411135178649636,-0.03592075367416412,-0.566844114160131,1
9.476133,-0.06682919590269613,-0.03841252224549896,0.18157990786598974,0.8230370758131165,0.012749228927618296,-0.033552882744575054,-0.5668523908904982,1
9.5095,-0.06659568819273742,-0.038648703137206586,0.18176268208491428,0.8234150409138823,0.014056069737372391,-0.0328406999799655,-0.5663140345472231,1
9.542867,-0.0663904821145992,-0.03875806585709135,0.18184445701926177,0.8242361743791554,0.015330312459179504,-0.033471036204539686,-0.5650481396306982,1
9.576233,-0.06694924478122831,-0.03861120868237894,0.18195544200335134,0.8246811382872238,0.019080890753796036,-0.03261955428436888,-0.5643340362228912,1
9.6096,-0.06744175828336683,-0.03787167992263046,0.18137210314934282,0.8249788697480187,0.022107003896770453,-0.031878504510273395,-0.5638305647960016,1
9.642967,-0.0677251697162261,-0.03819440186123674,0.1813276359971733,0.8254672540628208,0.023407447118333247,-0.032009013853298164,-0.5630553497850174,1
9.676333,-0.06779483437452136,-0.03824991257303412,0.1810460043859015,0.8259481408211884,0.022831713021175856,-0.034113109766861716,-0.5622496574446043,1
9.7097,-0.06711273257769523,-0.038921232388944405,0.18106072184974098,0.8256671805295962,0.022700090249537033,-0.036388370625585385,-0.5625249322316168,1
9.743067,-0.06647219951545694,-0.04001023876537779,0.18100032317035045,0.8250768051403733,0.02196289322287768,-0.0368309541593649,-0.5633909635025626,1
9.776433,-0.0647390468123767,-0.041670534184058805,0.1808996955357468,0.8249015177999719,0.015076721577926203,-0.038545639291076995,-0.5637591791619951,1
9.8098,-0.06264750855523023,-0.04317895571074565,0.18071516126552561,0.8248182382738916,0.006481149390296984,-0.041234200646310164,-0.5638551314037978,1
9.843167,-0.060441479709735124,-0.04477286146710935,0.18065235867160026,0.8249533597261812,-0.0005741003458744069,-0.04296600435143035,-0.5635650336521523,1
9.876533,-0.05926291410655614,-0.046912708432652606,0.18082486020808283,0.8239013217614684,-0.0025333412807448143,-0.044688868213440425,-0.5649629184640903,1
9.9099,-0.0580602252451444,-0.04927769280616223,0.18132354683109772,0.822060131995105,-0.0032946537991918805,-0.04703029499580662,-0.5674455357064161,1
9.943267,-0.05740564941932816,-0.051659318331191306,0.18200802478233305,0.8199501051676621,-0.0023937045153330054,-0.04970208709071246,-0.5702681805546057,1
9.976633,-0.057205361462702636,-0.053897760340175405,0.18273600783694643,0.8188900789433903,0.0005135870226740331,-0.050982969682184666,-0.5716813025093995,1
10.01,-0.057220366926507255,-0.055150003866933694,0.18341368528723007,0.8194703832009956,0.003815497373006315,-0.05034068440976919,-0.570893640295078,1
10.043367,-0.05811570766200963,-0.05651796294882888,0.18403470376555564,0.8209494014217867,0.00723645028468508,-0.04751940288968983,-0.5689741825790471,1
10.076733,-0.05872339820477285,-0.057550810427820176,0.18453185011286682,0.8235959104178543,0.009685053290764249,-0.045552768436222135,-0.5652618166597994,1
10.1101,-0.059225546016988914,-0.059634644979961515,0.18523366182345696,0.824812635797246,0.011836636921296075,-0.04526193787382721,-0.5634672721955543,1
10.143467,-0.05975649561074059,-0.06162806436841389,0.1858913019591894,0.8253728191333363,0.015536642392249958,-0.046975636378838545,-0.5624158708339118,1
10.176833,-0.060138856140165856,-0.06432295693719325,0.1868588099894553,0.8265908836647814,0.018659596275189604,-0.04786971318321329,-0.5604532282616272,1
10.2102,-0.06018926732960518,-0.06729901273743849,0.1880992783602669,0.8264984249464408,0.020588034274409327,-0.049685008418842366,-0.5603640658930478,1
10.243567,-0.05996544773990839,-0.07061941569321833,0.18911839796641414,0.8263070452260161,0.023265644810611722,-0.05156118168892112,-0.5603720383140465,1
10.276933,-0.059893381667368725,-0.0744874735358867,0.19020013471057434,0.8265664612795816,0.02674329270810601,-0.05077604615301782,-0.5599057728939265,1
10.3103,-0.05984512219968971,-0.07854083629246139,0.1914547394187415,0.8270422162065839,0.028566530631073037,-0.047919419822272824,-0.5593646888602308,1
10.343667,-0.05947765559665813,-0.08311729218679764,0.192928635512622,0.8275584211325966,0.028265477506394663,-0.04576586980215006,-0.5587965708154551,1
10.377033,-0.058476874439719564,-0.08768131545249302,0.1940851118006529,0.8276062395964917,0.027575527769435833,-0.045462627001262114,-0.5587849783193312,1
10.4104,-0.056679712794042866,-0.09311142141496159,0.19528169114360447,0.8276172552962727,0.02689241279376354,-0.04654161513501744,-0.5587131240006967,1
10.443767,-0.05520404380283594,-0.09910821707369932,0.19670226346640754,0.8271798041571243,0.025185606309861996,-0.04646133897540174,-0.5594466916606076,1
10.477133,-0.05387687036180291,-0.10554646580585153,0.19791283213457886,0.8264908940299998,0.024435757645145977,-0.045509448302008405,-0.5605752277340181,1
10.5105,-0.05256806742925486,-0.11208408746914478,0.1989090796475313,0.8265195278778584,0.024587207438502397,-0.04445873773329685,-0.5606107026324952,1
10.543867,-0.051370730790627823,-0.11876201490913252,0.1996209578133074,0.825868621128734,0.025220064732536934,-0.04369563927841377,-0.5616009794131959,1
10.577233,-0.050135809839737144,-0.12532699152082363,0.19983850077154708,0.8261884383670597,0.027000646759287494,-0.04307408099102396,-0.5610955827040152,1
10.6106,-0.04876069090413733,-0.13219355302935018,0.20028186937470457,0.8269774548726181,0.03036100261266511,-0.04170395471791403,-0.5598636251924631,1
10.643967,-0.047996661289164404,-0.13853354951782892,0.2000607918986008,0.8278938965988761,0.033879428973724424,-0.03948377001110668,-0.5584665721173057,1
10.677333,-0.04689543657816796,-0.14560361236555774,0.19982643800357533,0.8295543146042704,0.0354191632940078,-0.03638334169964895,-0.55611273536915,1
10.7107,-0.0456815959393408,-0.1527572770044165,0.19965081299491194,0.8305242599734595,0.03542157937322298,-0.03370435832163285,-0.5548322102585347,1
10.744067,-0.044582942127408445,-0.16087434957556804,0.19967830900096287,0.8316148162649913,0.036627940903368704,-0.033125380789688214,-0.55315269181417,1
10.777433,-0.04329583196386736,-0.16926074220140794,0.19987392349995564,0.8319981168007298,0.03852518178696934,-0.03337142185317582,-0.5524321607327163,1
10.8108,-0.04206785147162156,-0.17775045809558981,0.19975859295008352,0.832078749943943,0.03874688422659097,-0.03288119836871028,-0.5523245962731459,1
10.844167,-0.04076469294958145,-0.18554058552317107,0.19920923991641729,0.8327865833882769,0.03800737141791076,-0.03323273752325742,-0.5512871587504028,1
10.877533,-0.038785966080243685,-0.1932093645472563,0.198929450047987,0.8341754010236738,0.03798614597709772,-0.034698809756242094,-0.5490942047065328,1
10.9109,-0.03698568417044263,-0.20101109279109766,0.19874321612418766,0.835890835053426,0.037003509746882886,-0.0351698967508577,-0.5465165418380604,1
10.944267,-0.03501829121159249,-0.20885324508469374,0.19863244138571157,0.8374306551589327,0.03433729217680611,-0.0354734359388283,-0.5443091800702422,1
10.977633,-0.03356835655854901,-0.21692826682574107,0.19888942372434018,0.8382551279041254,0.03259719725022454,-0.03633964814580747,-0.543088568510245,1
11.011,-0.03237993046561986,-0.22542040523234114,0.19908922652807864,0.8385286877470652,0.03324179471026365,-0.037828888300308845,-0.5425252050546484,1
11.044367,-0.031085953284503205,-0.23389781620153532,0.19898796544979935,0.8385651139685517,0.035144449587780124,-0.039730462520863895,-0.5422129725909923,1
11.077733,-0.029992659293579,-0.24174473056267953,0.19880425839826743,0.8385260766759933,0.038873356555095134,-0.0405681875246183,-0.5419567354000446,1
11.1111,-0.02936340466599452,-0.2512930150643937,0.19902893035155683,0.8390991119118411,0.043475401675615186,-0.04020748113831933,-0.5407457150069848,1
11.144467,-0.028639154931921464,-0.25839560841508413,0.19874190471702038,0.8400842485844447,0.047390894268251264,-0.04018825957569744,-0.5388853887544556,1
11.177833,-0.027604177598877275,-0.2655001165033867,0.19787268586927165,0.8408952603127545,0.05047812029940867,-0.04048609443157093,-0.537315546687662,1
11.2112,-0.026623305099153706,-0.2723293488267789,0.19731130764257496,0.8417297791296453,0.052717671853916084,-0.04217704734809263,-0.535661201392875,1
11.244567,-0.025471593955161527,-0.2789498148632593,0.19660456258900008,0.842071384588031,0.054582359646086605,-0.04329752075869457,-0.5348475240380312,1
11.277933,-0.02431063062956723,-0.28495019544945466,0.1960588606563691,0.8427489059769777,0.05490217967508709,-0.04309918549332364,-0.533762580508735,1
11.3113,-0.02366766721115269,-0.2907237437558826,0.19558843556241332,0.8436008152486449,0.05486187214564006,-0.0431530179117983,-0.5324149289244257,1
11.344667,-0.023677828993969738,-0.29745579653349963,0.19511743371089446,0.8434129701903667,0.05793940469651733,-0.04514024709343465,-0.5322217068012356,1
11.378033,-0.023622093839331094,-0.3024922930566734,0.19466631268375478,0.8435219388718802,0.06306202895905104,-0.046472601504193314,-0.5313513117089524,1
11.4114,-0.024064507690564105,-0.30692205910679055,0.19376688609198744,0.8446862944456418,0.06829439888848753,-0.045005530730227276,-0.5289758418489838,1
11.444767,-0.02473557331044797,-0.3117078695823695,0.19265337882772332,0.8457540680814604,0.0728007687940076,-0.042862748182877115,-0.5268423760527179,1
11.478133,-0.02450132411796395,-0.31723668411566597,0.19176346240405387,0.8469698611518087,0.07453252828865564,-0.04220728005681604,-0.5246956279954997,1
11.5115,-0.023459112968474298,-0.32227053945129724,0.19122186551127665,0.8479883249408502,0.07432074090156565,-0.044743065328406946,-0.522867369741956,1
11.544867,-0.02256772560655796,-0.3268371352377936,0.19066096046394101,0.8487311156669526,0.07472516349004797,-0.04779941008947961,-0.5213318133734148,1
11.578233,-0.022210124246220785,-0.3315812810599174,0.1901915679333416,0.8498011289301586,0.07538515319147154,-0.04884830341752848,-0.5193928794280447,1
11.6116,-0.021992424577682912,-0.33603100990799956,0.19048896462793358,0.8503480985122932,0.07686763773516164,-0.049059705288003685,-0.5182592236927362,1
11.644967,-0.022325118972428178,-0.3397605990848361,0.1896111151709656,0.8506766558045337,0.07897963122093887,-0.04866436880145856,-0.5174391020502559,1
11.678333,-0.021554906961140284,-0.34351754836557474,0.1885752424412051,0.8517422052672315,0.07886096606521557,-0.047181137046983575,-0.5158392231158154,1
11.7117,-0.020573450287512195,-0.34629404298104294,0.18738256097213402,0.8527076871527982,0.07567178420916544,-0.045614896882339426,-0.5148617897334591,1
11.745067,-0.01898943067734373,-0.34929762404907516,0.18613441746960074,0.8532470940158706,0.0729894924669809,-0.046556377013844324,-0.5142707791642739,1
11.778433,-0.0174433018424014,-0.3519489500417506,0.18542024536632534,0.85372144896741,0.07162270830271068,-0.047990772429777534,-0.5135433389597844,1
11.8118,-0.016029889470425093,-0.35382898253061956,0.18458705390486554,0.854684992842611,0.06883315420300615,-0.046892972125797204,-0.5124222956286156,1
11.845167,-0.015265634032900878,-0.35600834645376594,0.18469809983533092,0.8554485708580774,0.06596699747001145,-0.04588954452459004,-0.5116153316359762,1
11.878533,-0.013537425072787107,-0.357099919586803,0.18423561351485265,0.8557656335700359,0.06401947668543603,-0.04574630085325292,-0.5113452483045497,1
11.9119,-0.011376142882481429,-0.3579867474269029,0.183649930480143,0.8557239981545068,0.05970855182482572,-0.04348111891716532,-0.5121334983372586,1
11.945267,-0.008806227226690402,-0.35890642943244355,0.18292258086703378,0.8556481686128758,0.054587254052469905,-0.04138830085464555,-0.5130043389648943,1
11.978633,-0.006180907497633085,-0.3596646152427249,0.18249391555684724,0.8559007761289307,0.05070943898803591,-0.04040523525611704,-0.5130592862265634,1
12.012,-0.003876754437480758,-0.35994781220259703,0.18173294991371317,0.8564603405787431,0.04540660977951977,-0.03891419556454722,-0.512737369603229,1
12.045367,-0.0023029566134354015,-0.3579917487264305,0.1817202987089525,0.8568463301282722,0.04090144469519604,-0.0392165075934891,-0.5124485378062147,1
12.078733,-0.0003790205442215219,-0.3585554160882441,0.18119101128384965,0.8562600273543365,0.037073544789160015,-0.037682130255229235,-0.5138330223830936,1
12.1121,0.0008857806287695669,-0.3588775493409262,0.1808967485022955,0.8561808553048027,0.03266104205576334,-0.033793501417883204,-0.5145343512373955,1
12.145467,0.0025074154651698512,-0.3587809449626408,0.18072701900097118,0.8555974107144848,0.02892913540941076,-0.03497294172835764,-0.5156482029930852,1
12.178833,0.003858460809834686,-0.3586841127142501,0.18066739988030325,0.8550424752878739,0.02521206023976148,-0.03523600133046062,-0.5167447548667446,1
12.2122,0.00456787828645531,-0.3585162970328785,0.18041881613948726,0.8549526448609818,0.021807215861450163,-0.03325228027953795,-0.517179568658503,1
12.245567,0.004687417681113592,-0.35844864242653574,0.18059078822568422,0.8549071720424256,0.02160260361286334,-0.031425358494509406,-0.5173775232372002,1
12.278933,0.004425380173596612,-0.35791345923970896,0.18085410642269928,0.8548661788327853,0.02339346549263133,-0.02819993760365392,-0.5175532103844274,1
12.3123,0.004647355261607634,-0.3579792518475178,0.18038200976457486,0.8538787703130749,0.02444865512098767,-0.0280371528326264,-0.5191408546169778,1
12.345667,0.005277469638689083,-0.35869973478334716,0.17916520280135528,0.8522517353451204,0.02404798814294796,-0.029160765317219804,-0.5217646247434001,1
12.379033,0.006346942421636764,-0.3600147623329144,0.17739906404226166,0.8497153932465357,0.02250991139733698,-0.030706252699596218,-0.525865173227813,1
12.4124,0.007273299715443161,-0.36146169869368505,0.17593947642824595,0.8471150851526007,0.020257505449303406,-0.032636278734670475,-0.5300193763347016,1
12.445767,0.00814733178975766,-0.36317581967016316,0.17468531407292434,0.844505241103136,0.020695398443911266,-0.033558840172314267,-0.5340940015379981,1
12.479133,0.008151320198570147,-0.36405912629642134,0.17265643260921787,0.8425196046802436,0.021596713787242355,-0.03363420356431139,-0.537180638178288,1
12.5125,0.007977508648171549,-0.36435623807832385,0.17357206154908986,0.8422869947551981,0.01923494422599638,-0.030563296820096113,-0.537818296708439,1
12.545867,0.007174683640369016,-0.36309917222348603,0.17350012809461846,0.8425026265437064,0.020288527811250123,-0.02768929720239376,-0.5375974355655407,1
12.579233,0.005785694874795161,-0.3645905792225593,0.17422233507516324,0.8420231162962006,0.02243231994154139,-0.024469137428656317,-0.538419096948068,1
12.6126,0.0051780672447633075,-0.3645363616827061,0.17354577696708415,0.8410543860611011,0.02244163539436041,-0.02217507588397536,-0.54002977575107,1
12.645967,0.005521070763194854,-0.3646009984784412,0.1733773679391224,0.8412767874405798,0.0193787406653793,-0.020733848515493057,-0.5398591842782876,1
12.679333,0.0062349908302319484,-0.36424366204281405,0.17326428531000637,0.8420245490123319,0.014189158425581485,-0.019750015424161656,-0.5388907714319277,1
12.7127,0.007122848495711332,-0.36419725426446314,0.17317146772859446,0.8423192973226367,0.009653683124185922,-0.019306826459949276,-0.5385464271649036,1
12.746067,0.007469030022025521,-0.36388936274320804,0.1738238196765888,0.8424083558295071,0.006954688628747702,-0.018998831763867862,-0.5384596909020322,1
12.779433,0.007367338066412743,-0.3635836833363695,0.17395575950070422,0.8424660747944505,0.00618517439243202,-0.018307935390506524,-0.538402707961154,1
12.8128,0.006631744195137901,-0.3635178359165508,0.17393859417886195,0.8427196939414429,0.008475338093828529,-0.015914875859408338,-0.5380505578603334,1
12.846167,0.006253345939690779,-0.3635820169448947,0.17391092927083568,0.8428756591516989,0.010900132441191484,-0.014738416902904748,-0.5377960481349316,1
12.879533,0.006832907722751491,-0.3637211274891572,0.17392157282122758,0.8424920401064765,0.008200325301353884,-0.015510076737070127,-0.5384230256422821,1
12.9129,0.00770053774469019,-0.36375645660156675,0.17395773100439316,0.8424562191497612,0.0022360484354551667,-0.016126553681685425,-0.538518758419459,1
12.946267,0.0077863326041204975,-0.3638072120804084,0.17405360495142966,0.8421897861106445,-0.004142697560227892,-0.013291762635612754,-0.5390014204748164,1
12.979633,0.0074391371872701145,-0.3637300374691511,0.17406261078295515,0.8424416579830386,-0.004801937247236953,-0.012036344079326638,-0.5386317115754202,1
13.013,0.007294733659874205,-0.3637233633438771,0.17401865246877318,0.8426051872811982,-0.0033437664099913353,-0.010799659310681208,-0.5384131173660107,1
13.046367,0.0072151733310084395,-0.36361294896420526,0.17398193562158104,0.8426085761768672,-0.00166207747987733,-0.009706593755637689,-0.5384364464719178,1
13.079733,0.007351218260499021,-0.36366976860734307,0.17372231066572594,0.8425103211511911,-0.0019957844716490774,-0.009976598909258607,-0.5385841095616013,1
13.1131,0.007661198529211199,-0.3637785398436698,0.17377293708360345,0.8425749438126172,-0.00392480951247978,-0.011203834284256748,-0.538448264949184,1
13.146467,0.007763497675078413,-0.3638904252212639,0.17382655187691964,0.8426861020915118,-0.005172473704822733,-0.01221975966321528,-0.5382416337773958,1
13.179833,0.0075529834063882825,-0.3640044895161818,0.17387602951739964,0.8427135792645029,-0.004496936701052876,-0.011701531894294025,-0.5382161972988587,1
13.2132,0.007497461523298936,-0.3638211789283615,0.17382625899448115,0.8427071486192825,-0.0035423108341198924,-0.011126561157885672,-0.5382455883114255,1
13.246567,0.007076475608692272,-0.3632396483741017,0.17380045232792854,0.8427108646318315,-0.004042103462876246,-0.011740499206014339,-0.5382232071450098,1
13.279933,0.00702607829714813,-0.3632388884957016,0.17375000154666778,0.842636901821963,-0.004096521271843654,-0.011812193674247282,-0.5383370155227625,1
13.3133,0.0068185783994087375,-0.3631703283151981,0.17375064315075167,0.8427235075224037,-0.0033917523943280967,-0.01132002796155757,-0.53821691059626,1
13.346667,0.006854465511624757,-0.363244724655418,0.1737449393874803,0.8428360868359073,-0.003372185073641056,-0.011376431268008129,-0.5380395300594264,1
13.380033,0.006911451765254783,-0.36301565889140497,0.17371882542709838,0.843355169210008,-0.003839393621173646,-0.01243676203718719,-0.5371988873531022,1
13.4134,0.00681051790176693,-0.3629339023018474,0.17379359003057437,0.843385156568106,-0.0033523283329805085,-0.012568080769476006,-0.5371520109997833,1
13.446767,0.006555351403483605,-0.36304689657152556,0.17374125868889903,0.8432452367284765,-0.002004917117520576,-0.01234148005875867,-0.5373836049899987,1
13.480133,0.006816016172294772,-0.3631910669937368,0.17373925330916992,0.843103844482018,-0.0013689748239321268,-0.013974701232941472,-0.5375674293081965,1
13.5135,0.006712387737203247,-0.3630556105876622,0.1738086645154288,0.8431961309649028,0.00030672830347060887,-0.014588551525344568,-0.5374080059023673,1
