frame_idx,timestamp,state,is_lost,is_keyframe,x,y,z,q_x,q_y,q_z,q_w
0,0.000000,2,false,false,0.004791629,0.005985667,0.007589157,0.010442922,-0.012501869,-0.011466136,0.999801576
1,0.033367,2,false,false,0.006040214,0.007636882,0.005176357,-0.010338768,0.012169332,0.012024452,-0.999800205
2,0.066733,2,false,false,0.004804244,0.007260541,0.005671921,-0.009534015,0.011401637,0.014905489,-0.999778509
3,0.100100,2,false,false,0.004874586,0.002936587,0.007803823,-0.009572813,0.010614255,0.016638333,-0.999759436
4,0.133467,2,false,false,0.004681733,0.002637151,0.007963158,-0.009569908,0.008313137,0.016859792,-0.999777555
5,0.166833,2,false,false,0.005163316,0.002934156,0.007826898,-0.009064985,0.006803501,0.016410083,-0.999801159
6,0.200200,2,false,false,0.006040307,0.003617595,0.007294649,-0.010659971,0.004831968,0.015039221,-0.999818385
7,0.233567,2,false,false,0.006345975,0.003811514,0.007426470,-0.010643812,0.004392865,0.016546156,-0.999796867
8,0.266933,2,false,false,0.006777238,0.003338237,0.007420484,-0.009448397,0.004318802,0.018153289,-0.999781251
9,0.300300,2,false,false,0.006754950,0.002980968,0.007425318,-0.009246118,0.003270336,0.019469963,-0.999762416
10,0.333667,2,false,false,0.006461878,0.002846228,0.007573103,-0.007600758,0.002425023,0.022844506,-0.999707222
11,0.367033,2,false,false,0.005716681,0.002330249,0.007974558,-0.007168377,0.001382911,0.026344251,-0.999626279
12,0.400400,2,false,false,0.002533027,0.000969843,0.007858365,-0.006187921,0.002768902,0.030945953,-0.999498129
13,0.433767,2,false,false,0.003072691,0.001227171,0.008882456,-0.005836019,0.007235470,0.034769367,-0.999352157
14,0.467133,2,false,false,0.001045528,0.002035104,0.006717091,0.004387071,-0.011359981,-0.037033517,0.999239862
15,0.500500,2,false,false,0.000984296,0.001434976,0.007298152,0.002921256,-0.013593090,-0.038303807,0.999169469
16,0.533867,2,false,false,0.000372722,0.000728753,0.007503764,0.001184896,-0.017054949,-0.037433621,0.999152899
17,0.567233,2,false,false,-0.000238703,-0.000155997,0.007341239,0.001177087,-0.019406436,-0.036343463,0.999150276
18,0.600600,2,false,false,-0.000759445,-0.001239719,0.006614089,-0.000964224,-0.018464677,-0.034737952,0.999225438
19,0.633967,2,false,false,-0.001003854,-0.002628593,0.005559494,0.000115225,-0.016988480,-0.031587481,0.999356627
20,0.667333,2,false,false,-0.000666187,-0.004886994,0.004615551,0.003268282,-0.014716005,-0.024998493,0.999573827
21,0.700700,2,false,false,0.006817966,-0.014453729,0.013388208,-0.006736247,0.014037722,0.019799564,-0.999682784
22,0.734067,2,false,false,0.008714354,-0.014095392,0.014490952,0.011734702,-0.011726485,-0.015473817,0.999742687
23,0.767433,2,false,false,0.009306645,-0.017273478,0.015810406,0.014574031,-0.007598928,-0.010902120,0.999805450
24,0.800800,2,false,false,0.010062575,-0.020622427,0.015875515,0.017308732,-0.004633945,-0.007468357,0.999811590
25,0.834167,2,false,false,0.010035718,-0.023889886,0.015177083,0.018905539,-0.003689986,-0.004914081,0.999802411
26,0.867533,2,false,false,0.011225033,-0.028867930,0.014359722,-0.022005180,0.002552785,0.003931673,-0.999746919
27,0.900900,2,false,false,0.009625368,-0.031246476,0.010927048,0.026293799,-0.001492391,-0.004188169,0.999644458
28,0.934267,2,false,false,0.010246384,-0.036423370,0.009567157,-0.030216701,0.000044520,0.004800508,-0.999531865
29,0.967633,2,false,false,0.008874929,-0.041504338,0.006135147,-0.033738181,-0.000627240,0.004849699,-0.999418795
30,1.001000,2,false,false,0.008997775,-0.050094634,0.002588395,0.036790125,0.000401723,-0.003845312,0.999315560
31,1.034367,2,false,false,0.006705363,-0.054316420,-0.002616828,0.040675011,0.000041223,-0.003964062,0.999164581
32,1.067733,2,false,false,0.007024627,-0.059208136,-0.002813649,0.044121742,0.000944215,-0.004108740,0.999017298
33,1.101100,2,false,false,0.005865368,-0.064244092,-0.004084762,0.047448151,0.001383157,-0.004053199,0.998864591
34,1.134467,2,false,false,0.004481090,-0.069093779,-0.005082313,0.050887182,0.000651747,-0.003541303,0.998697937
35,1.167833,2,false,false,0.004086914,-0.073348291,-0.006429804,0.054275978,0.000765170,-0.000938306,0.998525262
36,1.201200,2,false,false,0.003620415,-0.076658800,-0.007916079,0.058280643,0.000464439,0.001621114,0.998298824
37,1.234567,2,false,false,0.003123647,-0.079638705,-0.008470970,0.061273780,-0.000323364,0.003478769,0.998114884
38,1.267933,2,false,false,0.001530878,-0.082701020,-0.009705937,-0.064097770,-0.000536334,-0.003832332,-0.997936130
39,1.301300,2,false,false,0.001332422,-0.084247470,-0.010200484,-0.065126404,-0.002827576,-0.003687466,-0.997866273
40,1.334667,2,false,false,0.001059569,-0.085662000,-0.010337806,-0.064320132,-0.003750256,-0.003659110,-0.997915626
41,1.368033,2,false,false,0.000426825,-0.086984187,-0.010669049,-0.064558223,-0.002797497,-0.003437805,-0.997904122
42,1.401400,2,false,false,-0.000152667,-0.087980643,-0.011069004,-0.065759271,-0.002111403,-0.004551221,-0.997822940
43,1.434767,2,false,false,-0.000492959,-0.088725373,-0.011826872,-0.066345185,-0.002067374,-0.005986160,-0.997776628
44,1.468133,2,false,false,-0.000362176,-0.089227356,-0.011913353,-0.065951109,-0.002988030,-0.007303797,-0.997791648
45,1.501500,2,false,false,0.003302530,-0.086597346,-0.007298301,0.066087350,0.003768609,0.007410151,0.997779250
46,1.534867,2,false,false,0.003673156,-0.086440839,-0.007013191,0.065675169,0.004863765,0.007639389,0.997799993
47,1.568233,2,false,false,0.003758258,-0.086348251,-0.006915809,0.065850735,0.006335982,0.008287826,0.997775018
48,1.601600,2,false,false,0.003897737,-0.086355992,-0.006905558,0.065991029,0.006326116,0.009494532,0.997754991
49,1.634967,2,false,false,0.004511412,-0.085950896,-0.006562430,0.066323549,0.006123138,0.010337301,0.997725904
50,1.668333,2,false,false,0.005267530,-0.085486822,-0.005966173,0.065768443,0.007142813,0.010986460,0.997748852
51,1.701700,2,false,false,0.005950096,-0.084934965,-0.005262014,0.065162428,0.008267754,0.011023232,0.997779548
52,1.735067,2,false,false,0.006449573,-0.084530897,-0.004873066,-0.063510105,-0.008686544,-0.010793725,-0.997885048
53,1.768433,2,false,false,0.006880814,-0.084230743,-0.004212537,-0.062730543,-0.009436803,-0.010794923,-0.997927547
54,1.801800,2,false,false,0.007719614,-0.083607487,-0.003544614,-0.062510550,-0.009934284,-0.010437612,-0.997940361
55,1.835167,2,false,false,0.008516351,-0.082987554,-0.002811837,-0.061691485,-0.010867078,-0.010135378,-0.997984707
56,1.868533,2,false,false,0.009478691,-0.082320414,-0.002031295,-0.061072215,-0.011592588,-0.010052053,-0.998015463
57,1.901900,2,false,false,0.010125693,-0.081952862,-0.001604003,-0.060406357,-0.011119925,-0.010354616,-0.998058259
58,1.935267,2,false,false,0.011035412,-0.082120672,-0.000860224,-0.060093500,-0.011088352,-0.011563704,-0.998064220
59,1.968633,2,false,false,0.012110135,-0.082682520,0.000154686,-0.060386188,-0.011807123,-0.011835264,-0.998035133
60,2.002000,2,false,false,0.012111239,-0.083805688,0.000602623,0.059882864,0.013298917,0.011805845,0.998047054
61,2.035367,2,false,false,0.012320235,-0.084392056,0.001858139,0.059861105,0.014386486,0.011273285,0.998039484
62,2.068733,2,false,false,0.012772461,-0.084535673,0.002919887,0.059627555,0.015209533,0.011371084,0.998040080
63,2.102100,2,false,false,0.013082798,-0.084620379,0.004202038,0.059003003,0.016716465,0.012174061,0.998043656
64,2.135467,2,false,false,0.013660645,-0.084899172,0.005780146,0.058815133,0.018458638,0.012150495,0.998024344
65,2.168833,2,false,false,0.015602078,-0.085411876,0.007955944,0.058104672,0.020483322,0.012764884,0.998018742
66,2.202200,2,false,false,0.018239373,-0.086138658,0.010362410,0.058108702,0.021533076,0.013334744,0.997988999
67,2.235567,2,false,false,0.021362426,-0.087140329,0.012701401,-0.058146004,-0.023033164,-0.013836447,-0.997946441
68,2.268933,2,false,false,0.023002177,-0.087635323,0.014015485,-0.058178991,-0.025755808,-0.014118108,-0.997874081
69,2.302300,2,false,false,0.025289208,-0.088299051,0.015619574,-0.057871662,-0.027996534,-0.013825269,-0.997835636
70,2.335667,2,false,false,0.027640671,-0.089002982,0.017628757,-0.057181440,-0.030534098,-0.014241198,-0.997795165
71,2.369033,2,false,false,0.030563548,-0.089633115,0.019363537,-0.057010658,-0.033335671,-0.014836461,-0.997706592
72,2.402400,2,false,false,0.033257525,-0.090261623,0.021131461,-0.057101246,-0.037524048,-0.016222555,-0.997531116
73,2.435767,2,false,false,0.035807107,-0.090662442,0.023173189,-0.057454981,-0.041775353,-0.018316971,-0.997305512
74,2.469133,2,false,false,0.037994821,-0.091044426,0.025036555,-0.057805791,-0.045117479,-0.020825388,-0.997090459
75,2.502500,2,false,true,0.038529743,-0.090715289,0.026464099,0.057995405,0.049170434,0.024351954,0.996807814
76,2.535867,2,false,false,0.039868705,-0.090664491,0.027812866,0.058503803,0.052297480,0.027506782,0.996536851
77,2.569233,2,false,false,0.040574875,-0.090649843,0.029442187,0.058268726,0.054076333,0.030806871,0.996359110
78,2.602600,2,false,false,0.041193157,-0.090593666,0.031591378,0.058156550,0.056245506,0.032449268,0.996193409
79,2.635967,2,false,false,0.041380487,-0.090673432,0.033590525,0.057639237,0.058763783,0.032686632,0.996070385
80,2.669333,2,false,false,0.041598383,-0.090456404,0.035997711,0.055936761,0.060930155,0.033014268,0.996026456
81,2.702700,2,false,false,0.041255221,-0.090227008,0.038813215,0.054677308,0.062466465,0.032926746,0.996004164
82,2.736067,2,false,false,0.041280720,-0.089732587,0.041342616,-0.054459002,-0.063455209,-0.032916036,-0.995953918
83,2.769433,2,false,false,0.040817715,-0.089731470,0.044332564,-0.053583886,-0.065373786,-0.034056321,-0.995839000
84,2.802800,2,false,false,0.040241219,-0.089662217,0.047425721,-0.053100202,-0.066619270,-0.035136439,-0.995744824
85,2.836167,2,false,false,0.039763320,-0.089866214,0.051072273,-0.052513782,-0.067484252,-0.036098529,-0.995683193
86,2.869533,2,false,false,0.039354648,-0.089935549,0.055154517,-0.051598147,-0.068705656,-0.036806934,-0.995621681
87,2.902900,2,false,false,0.038582727,-0.090208709,0.059512902,-0.050527245,-0.069929339,-0.037092347,-0.995580792
88,2.936267,2,false,false,0.037955705,-0.090673275,0.063810401,-0.049756352,-0.071352243,-0.037191123,-0.995514989
89,2.969633,2,false,false,0.037447717,-0.091483742,0.067790836,-0.048663057,-0.072356462,-0.036680214,-0.995515466
90,3.003000,2,false,true,0.037321199,-0.092519686,0.070033185,0.047480781,0.073802687,0.036860298,0.995459795
91,3.036367,2,false,false,0.036827989,-0.093376942,0.073488697,0.046964303,0.075303480,0.037380550,0.995352507
92,3.069733,2,false,false,0.036515377,-0.094173633,0.076880693,0.046581548,0.076142445,0.038918722,0.995247602
93,3.103100,2,false,false,0.036716584,-0.094806626,0.079965904,0.046660863,0.076435700,0.040580373,0.995155096
94,3.136467,2,false,false,0.036817383,-0.095453098,0.083375536,0.046761271,0.077618450,0.041978952,0.995000780
95,3.169833,2,false,false,0.036613770,-0.096677303,0.087113060,0.047503632,0.079567425,0.042549040,0.994787455
96,3.203200,2,false,false,0.036174837,-0.098178111,0.091605648,0.047480252,0.081104197,0.043373745,0.994628787
97,3.236567,2,false,false,0.035464555,-0.099225082,0.096200041,-0.047000244,-0.081872120,-0.044222586,-0.994551361
98,3.269933,2,false,false,0.035586741,-0.100270301,0.099805824,-0.047090188,-0.082067102,-0.044966545,-0.994497657
99,3.303300,2,false,false,0.035234816,-0.101364672,0.103995249,-0.047381982,-0.083038256,-0.045496445,-0.994379044
100,3.336667,2,false,false,0.035262603,-0.102237277,0.107976027,-0.047511071,-0.084382229,-0.046483219,-0.994214058
101,3.370033,2,false,false,0.035329033,-0.103240959,0.113151394,-0.047512200,-0.084872693,-0.047184329,-0.994139254
102,3.403400,2,false,false,0.035163239,-0.104130715,0.118030898,-0.047127716,-0.085946128,-0.047536749,-0.994048595
103,3.436767,2,false,false,0.035061833,-0.105526291,0.123439074,-0.046933305,-0.087859057,-0.047673654,-0.993883967
104,3.470133,2,false,false,0.035124619,-0.106669150,0.129085943,-0.046302017,-0.088824458,-0.048733100,-0.993776321
105,3.503500,2,false,true,0.035488449,-0.107844770,0.133616820,0.045993086,0.089017935,0.050619300,0.993679106
106,3.536867,2,false,false,0.036167610,-0.109156176,0.137921572,0.046176430,0.089694470,0.052307025,0.993522346
107,3.570233,2,false,false,0.036625817,-0.110308841,0.142457291,0.046819344,0.090813689,0.054103389,0.993294418
108,3.603600,2,false,false,0.037260473,-0.111336723,0.146805659,0.047944814,0.091682062,0.055336766,0.993092954
109,3.636967,2,false,false,0.037821140,-0.112282701,0.151546448,0.048402533,0.092822455,0.056896392,0.992876709
110,3.670333,2,false,false,0.038183078,-0.113397695,0.156028703,0.048511855,0.093551315,0.058146961,0.992730439
111,3.703700,2,false,false,0.038215328,-0.114397004,0.160801589,0.048906777,0.093522869,0.058135994,0.992714405
112,3.737067,2,false,false,0.037566394,-0.115669049,0.166135415,-0.048467483,-0.094157226,-0.057958242,-0.992686391
113,3.770433,2,false,false,0.038008034,-0.116552703,0.170974016,-0.048023921,-0.095406003,-0.057289399,-0.992627501
114,3.803800,2,false,false,0.038454983,-0.117384493,0.175367504,-0.047915533,-0.096139118,-0.056405477,-0.992612660
115,3.837167,2,false,false,0.038895052,-0.118211702,0.179996714,-0.048124544,-0.096650943,-0.055235583,-0.992618620
116,3.870533,2,false,false,0.039276212,-0.119004846,0.183861837,-0.048362464,-0.097033165,-0.054381989,-0.992616892
117,3.903900,2,false,false,0.039890975,-0.119733296,0.187842548,-0.048105374,-0.097899199,-0.054606043,-0.992532015
118,3.937267,2,false,false,0.040538222,-0.120587707,0.191990897,-0.047986943,-0.098399915,-0.054566741,-0.992490411
119,3.970633,2,false,false,0.041202951,-0.121293791,0.196289688,-0.047097258,-0.099050216,-0.054537375,-0.992469966
120,4.004000,2,false,true,0.041709874,-0.122076608,0.200628504,0.046127602,0.099267706,0.054248698,0.992509604
121,4.037367,2,false,false,0.042257041,-0.122717783,0.204749227,0.044802800,0.100061737,0.053276174,0.992543221
122,4.070733,2,false,false,0.042717688,-0.123533599,0.209077656,0.043086104,0.102063663,0.052718855,0.992445111
123,4.104100,2,false,false,0.043450132,-0.124428719,0.213210806,0.042659901,0.103678487,0.052269455,0.992319942
124,4.137467,2,false,false,0.044193469,-0.125189245,0.216987476,0.042787567,0.104394570,0.052489579,0.992227733
125,4.170833,2,false,false,0.044895075,-0.125845864,0.220692769,0.042744078,0.105007693,0.052819461,0.992147446
126,4.204200,2,false,false,0.045488473,-0.126488492,0.224013805,0.042563826,0.106483787,0.053104900,0.991982579
127,4.237567,2,false,false,0.046198718,-0.127164945,0.227014974,0.042315006,0.108286679,0.053137176,0.991796315
128,4.270933,2,false,false,0.046912353,-0.127793193,0.229801193,0.042188633,0.109887034,0.053560339,0.991602898
129,4.304300,2,false,false,0.048404813,-0.128557414,0.232794374,-0.042612731,-0.111150555,-0.054093719,-0.991414964
130,4.337667,2,false,false,0.049194109,-0.129524946,0.234888405,-0.042926490,-0.112959899,-0.055321570,-0.991129160
131,4.371033,2,false,false,0.049936678,-0.130235180,0.237143680,-0.043683052,-0.113662593,-0.055853985,-0.990985930
132,4.404400,2,false,false,0.050633267,-0.130854532,0.238856360,-0.045665260,-0.113389984,-0.056777924,-0.990875244
133,4.437767,2,false,false,0.051115751,-0.131521374,0.241093010,-0.046750195,-0.114358433,-0.057883549,-0.990649343
134,4.471133,2,false,false,0.051457100,-0.132436991,0.243607521,-0.047151294,-0.114645936,-0.058684751,-0.990549982
135,4.504500,2,false,true,0.051250361,-0.134052277,0.245962605,0.047858439,0.115286753,0.057772428,0.990495324
136,4.537867,2,false,false,0.051361807,-0.135102868,0.247714907,0.048614692,0.116666108,0.056357723,0.990378439
137,4.571233,2,false,false,0.051087633,-0.136089712,0.250026733,0.049444482,0.118009366,0.055454839,0.990229189
138,4.604600,2,false,false,0.051245578,-0.137152210,0.252446115,0.050044406,0.119124152,0.055725578,0.990050316
139,4.637967,2,false,false,0.051844660,-0.138130993,0.254394293,0.051502965,0.119498730,0.056761637,0.989871562
140,4.671333,2,false,false,0.052351505,-0.139391974,0.256887615,0.052973919,0.119974971,0.057671379,0.989683747
141,4.704700,2,false,false,0.052960347,-0.140472367,0.259301364,0.053125978,0.121219791,0.059264105,0.989429772
142,4.738067,2,false,false,0.053700995,-0.141220257,0.260866404,0.053440966,0.122493982,0.059710994,0.989229023
143,4.771433,2,false,false,0.055223338,-0.141136453,0.261741161,-0.054424960,-0.123680554,-0.059873879,-0.989017844
144,4.804800,2,false,false,0.056035448,-0.141829669,0.263504028,-0.055127792,-0.124900885,-0.060768481,-0.988770962
145,4.838167,2,false,false,0.056784321,-0.142454922,0.264716715,-0.056043390,-0.125560224,-0.062092882,-0.988553703
146,4.871533,2,false,false,0.057752002,-0.142869204,0.265396982,-0.057573918,-0.124097325,-0.063403174,-0.988567233
147,4.904900,2,false,false,0.058143906,-0.143568844,0.266605645,-0.058722407,-0.123416051,-0.064268894,-0.988529027
148,4.938267,2,false,false,0.058182497,-0.144221231,0.267446518,-0.058776371,-0.122753896,-0.064409703,-0.988599181
149,4.971633,2,false,false,0.058005739,-0.144755200,0.267589569,-0.057604667,-0.122806877,-0.062292974,-0.988797128
150,5.005000,2,false,true,0.057851076,-0.145273209,0.267163157,0.057670347,0.123714700,0.059721425,0.988838851
151,5.038367,2,false,false,0.057011962,-0.145266965,0.266027987,0.058329329,0.124222003,0.057804842,0.988850474
152,5.071733,2,false,false,0.056799076,-0.144981965,0.264593303,0.058969215,0.123022228,0.058380451,0.988928735
153,5.105100,2,false,false,0.056477215,-0.144301951,0.263075531,0.059516583,0.121430583,0.061072450,0.988930047
154,5.138467,2,false,false,0.055675328,-0.143646389,0.260743767,0.060823727,0.120558560,0.063255839,0.988819957
155,5.171833,2,false,false,0.054747786,-0.142847881,0.258422852,0.061863858,0.119651549,0.065048829,0.988749266
156,5.205200,2,false,false,0.053314175,-0.142027095,0.256412983,0.061899811,0.118329592,0.066048622,0.988839746
157,5.238567,2,false,false,0.051552415,-0.141196474,0.254409730,0.061679073,0.117359631,0.066104896,0.988965452
158,5.271933,2,false,false,0.048986726,-0.140478745,0.253243864,-0.061064176,-0.116059192,-0.065206751,-0.989216626
159,5.305300,2,false,false,0.047140140,-0.139527172,0.251390368,-0.060885169,-0.114440151,-0.063454069,-0.989530206
160,5.338667,2,false,false,0.045502882,-0.138412669,0.249535456,-0.060049120,-0.113274395,-0.061431088,-0.989843071
161,5.372033,2,false,false,0.043825522,-0.137440771,0.247816399,-0.059947122,-0.111356013,-0.059678379,-0.990174055
162,5.405400,2,false,false,0.042386055,-0.136449009,0.246332154,-0.059682518,-0.109022215,-0.059069436,-0.990486205
163,5.438767,2,false,false,0.041030437,-0.135497540,0.244971320,-0.059312500,-0.107318327,-0.058265973,-0.990742087
164,5.472133,2,false,false,0.039405081,-0.134185717,0.242604122,-0.058965567,-0.106722094,-0.057585660,-0.990867019
165,5.505500,2,false,true,0.038466725,-0.133019760,0.241939977,0.058847964,0.105757006,0.057040565,0.991008937
166,5.538867,2,false,false,0.037770189,-0.132391453,0.241565987,0.059043922,0.104593657,0.056680594,0.991141438
167,5.572233,2,false,false,0.037384905,-0.132087901,0.241331488,0.059307005,0.104222849,0.055802759,0.991214573
168,5.605600,2,false,false,0.036832720,-0.131999552,0.241351157,0.059113808,0.104713500,0.055284329,0.991203487
169,5.638967,2,false,false,0.036778405,-0.131823227,0.241039947,0.059360292,0.103923894,0.054993551,0.991288006
170,5.672333,2,false,false,0.036648136,-0.131929487,0.241179630,0.059556484,0.103578329,0.054898303,0.991317749
171,5.705700,2,false,false,0.036963996,-0.131889567,0.241683900,0.058986574,0.104623333,0.054435503,0.991267562
172,5.739067,2,false,false,0.036556382,-0.132389799,0.242965832,-0.057943992,-0.105935030,-0.054473720,-0.991187632
173,5.772433,2,false,false,0.036581606,-0.132740811,0.243828773,-0.058126699,-0.106758498,-0.054582492,-0.991082668
174,5.805800,2,false,false,0.036990289,-0.132949695,0.244083405,-0.059420887,-0.105839252,-0.054405678,-0.991114140
175,5.839167,2,false,false,0.037356857,-0.133168206,0.244592711,-0.060427696,-0.104724944,-0.053871371,-0.991200805
176,5.872533,2,false,false,0.037724264,-0.133326367,0.245251969,-0.061662257,-0.104156367,-0.053527251,-0.991203427
177,5.905900,2,false,false,0.037958793,-0.133719876,0.246280640,-0.062098898,-0.102796398,-0.052605618,-0.991367459
178,5.939267,2,false,false,0.038349777,-0.134159535,0.247643381,-0.062123582,-0.102503926,-0.051714465,-0.991443038
179,5.972633,2,false,false,0.038510408,-0.134297341,0.248942867,-0.062159054,-0.104066119,-0.052203950,-0.991252422
180,6.006000,2,false,true,0.039771199,-0.134193957,0.249397814,0.061494127,0.103785977,0.052791160,0.991292119
181,6.039367,2,false,false,0.040236585,-0.133945718,0.250049770,0.061492454,0.103439495,0.053273108,0.991302669
182,6.072733,2,false,false,0.040365502,-0.133690536,0.250918806,0.060601041,0.102738425,0.053827297,0.991400480
183,6.106100,2,false,false,0.040688097,-0.133301243,0.252147526,0.059878312,0.102120683,0.053118721,0.991546452
184,6.139467,2,false,false,0.041098464,-0.132674858,0.253608882,0.059191264,0.103367023,0.052738052,0.991478920
185,6.172833,2,false,false,0.041687932,-0.132060736,0.255069643,0.056754194,0.103884690,0.052479867,0.991581023
186,6.206200,2,false,false,0.042279128,-0.131597683,0.256066561,0.056023397,0.103019595,0.051952317,0.991740644
187,6.239567,2,false,false,0.042305652,-0.131223723,0.257889211,-0.055034257,-0.102108933,-0.051507197,-0.991913378
188,6.272933,2,false,false,0.042815246,-0.130626291,0.259268910,-0.052846413,-0.101678461,-0.050012536,-0.992152989
189,6.306300,2,false,false,0.042992115,-0.129858494,0.261093915,-0.050866641,-0.103842497,-0.047427494,-0.992159247
190,6.339667,2,false,false,0.043290444,-0.129363939,0.262893617,-0.047574148,-0.105875030,-0.046628334,-0.992145658
191,6.373033,2,false,false,0.043420404,-0.129357085,0.263723075,-0.044962917,-0.105410412,-0.046598937,-0.992318273
192,6.406400,2,false,false,0.044022609,-0.128883943,0.265102237,-0.044254880,-0.105995774,-0.045369826,-0.992344737
193,6.439767,2,false,false,0.043691888,-0.128930122,0.265837908,-0.044043664,-0.106193289,-0.042267226,-0.992470026
194,6.473133,2,false,false,0.043088138,-0.128752142,0.266653538,-0.042401686,-0.107249059,-0.038641170,-0.992575765
195,6.506500,2,false,true,0.042960517,-0.128819689,0.266379893,0.041354276,0.108364657,0.035938121,0.992600381
196,6.539867,2,false,false,0.042471524,-0.128819823,0.266500890,0.040641252,0.109372586,0.033718280,0.992597163
197,6.573233,2,false,false,0.042020015,-0.128658190,0.266248673,0.041088883,0.109569810,0.031787954,0.992620647
198,6.606600,2,false,false,0.042043723,-0.128128648,0.266065419,0.041914701,0.109504662,0.031723093,0.992595434
199,6.639967,2,false,false,0.042773079,-0.127725184,0.265641153,0.043248624,0.109137058,0.034345444,0.992491364
200,6.673333,2,false,false,0.043179862,-0.127615049,0.265403867,0.044446617,0.108645052,0.036829658,0.992403388
201,6.706700,2,false,false,0.043551654,-0.127523527,0.265359581,0.045264162,0.108110532,0.038293298,0.992369413
202,6.740067,2,false,false,0.043951523,-0.127334893,0.265155345,0.045948122,0.107755020,0.039621484,0.992324471
203,6.773433,2,false,false,0.043859199,-0.127226263,0.265324444,-0.046442341,-0.107466370,-0.039067861,-0.992354691
204,6.806800,2,false,false,0.043034490,-0.127449438,0.265313417,-0.046329405,-0.108041115,-0.037340455,-0.992364109
205,6.840167,2,false,false,0.042736717,-0.127099171,0.265318155,-0.045960784,-0.108982451,-0.035976943,-0.992328644
206,6.873533,2,false,false,0.042831417,-0.126964524,0.265058100,-0.045948911,-0.109891273,-0.034970906,-0.992264986
207,6.906900,2,false,false,0.042922847,-0.127046749,0.265051663,-0.046100985,-0.111641459,-0.035213366,-0.992053926
208,6.940267,2,false,false,0.042994816,-0.127028108,0.265010685,-0.046181150,-0.113097981,-0.037073560,-0.991817415
209,6.973633,2,false,false,0.042969584,-0.126863033,0.264868677,-0.046575677,-0.113395840,-0.039164588,-0.991684556
210,7.007000,2,false,true,0.043151315,-0.126667067,0.264138639,0.047118660,0.113841638,0.041979864,0.991492629
211,7.040367,2,false,false,0.043784335,-0.126634330,0.263329178,0.048798189,0.110280916,0.045581229,0.991654813
212,7.073733,2,false,false,0.044570699,-0.126492187,0.261826038,0.052151680,0.107454263,0.048154797,0.991672814
213,7.107100,2,false,false,0.044605382,-0.127048850,0.261194736,0.053734861,0.108751439,0.048622932,0.991423965
214,7.140467,2,false,false,0.044676747,-0.127921090,0.260189265,0.054786913,0.110312857,0.047456548,0.991250455
215,7.173833,2,false,false,0.044539057,-0.129059434,0.259453505,0.055516113,0.112422854,0.045794141,0.991050899
216,7.207200,2,false,false,0.044670988,-0.130293697,0.258744389,0.056449570,0.112928621,0.043992329,0.991022348
217,7.240567,2,false,false,0.044562597,-0.131662920,0.257812291,0.058945909,0.112993084,0.042048439,0.990954041
218,7.273933,2,false,false,0.044535760,-0.133625075,0.256523341,-0.061126664,-0.111716896,-0.043429215,-0.990907073
219,7.307300,2,false,false,0.045579340,-0.135322660,0.255588949,-0.062493701,-0.111500300,-0.046267837,-0.990717649
220,7.340667,2,false,false,0.045190174,-0.137373060,0.254800469,-0.063306138,-0.112243384,-0.044095378,-0.990681291
221,7.374033,2,false,false,0.044360861,-0.139265805,0.254318744,-0.064253010,-0.114108913,-0.038885999,-0.990625381
222,7.407400,2,false,false,0.044581629,-0.141111523,0.253800988,-0.065852828,-0.113646150,-0.037792027,-0.990615845
223,7.440767,2,false,false,0.044893738,-0.143099710,0.252888620,-0.069407851,-0.111063965,-0.039012153,-0.990618765
224,7.474133,2,false,false,0.044251733,-0.145473748,0.252604216,-0.071947135,-0.110953890,-0.038588647,-0.990466475
225,7.507500,2,false,true,0.043001778,-0.147413984,0.252852857,0.073552862,0.111595079,0.036737587,0.990346909
226,7.540867,2,false,false,0.042254165,-0.149075672,0.252626002,0.076188266,0.109997101,0.035769533,0.990361869
227,7.574233,2,false,false,0.041824266,-0.150487691,0.252392560,0.078387290,0.108043827,0.036840677,0.990365982
228,7.607600,2,false,false,0.040582713,-0.151863843,0.252701461,0.079416178,0.107756369,0.036925029,0.990312219
229,7.640967,2,false,false,0.039306659,-0.152721241,0.252541274,0.080147259,0.106542841,0.036284532,0.990408242
230,7.674333,2,false,false,0.037526790,-0.153609395,0.252836704,0.080230422,0.104561284,0.035508510,0.990640819
231,7.707700,2,false,false,0.035211559,-0.154407516,0.253310531,0.080048323,0.102675743,0.034426834,0.990890920
232,7.741067,2,false,false,0.032722410,-0.154955640,0.253447056,0.080701597,0.099053264,0.033841990,0.991226792
233,7.774433,2,false,false,0.029835520,-0.155584395,0.253970325,-0.080405265,-0.095570959,-0.032680128,-0.991631567
234,7.807800,2,false,false,0.026870208,-0.155978337,0.254193395,-0.080656260,-0.091752112,-0.031333894,-0.992015302
235,7.841167,2,false,false,0.023727069,-0.156543791,0.254381508,-0.080988578,-0.087143488,-0.031227645,-0.992407024
236,7.874533,2,false,false,0.020108625,-0.157019198,0.254216254,-0.081493102,-0.084298715,-0.030593688,-0.992631257
237,7.907900,2,false,false,0.016108133,-0.157162875,0.254100680,-0.082812548,-0.080592573,-0.029300068,-0.992868841
238,7.941267,2,false,false,0.012018155,-0.157085344,0.254154950,-0.083908714,-0.076288223,-0.029328996,-0.993115962
239,7.974633,2,false,false,0.007528454,-0.156989321,0.254465848,-0.084337339,-0.072828799,-0.030148273,-0.993314862
240,8.008000,2,false,true,0.002251730,-0.156746551,0.254681736,0.084344491,0.066907786,0.031066708,0.993702292
241,8.041367,2,false,false,-0.002652929,-0.156509295,0.254917115,0.084000543,0.061308682,0.029993720,0.994125545
242,8.074733,2,false,false,-0.008322174,-0.156208023,0.255707353,0.082439549,0.057335794,0.028359488,0.994541168
243,8.108100,2,false,false,-0.014216552,-0.156494051,0.256843597,0.081692122,0.051079173,0.027708478,0.994962096
244,8.141467,2,false,false,-0.019801013,-0.156168759,0.257520497,0.082112469,0.043962672,0.027573362,0.995271146
245,8.174833,2,false,false,-0.025654268,-0.156361774,0.258414388,0.082059756,0.037073329,0.027331542,0.995562613
246,8.208200,2,false,false,-0.031321455,-0.156582892,0.259389311,0.081996180,0.029632976,0.026127286,0.995849371
247,8.241567,2,false,false,-0.036991388,-0.156733170,0.260328323,0.081891887,0.024247997,0.023760401,0.996062934
248,8.274933,2,false,false,-0.042008884,-0.156589299,0.260984570,-0.082208797,-0.018335558,-0.021890422,-0.996205986
249,8.308300,2,false,false,-0.047538113,-0.156507656,0.261736244,-0.082264364,-0.011848674,-0.022304680,-0.996290505
250,8.341667,2,false,true,-0.052706879,-0.156117126,0.262233078,0.082256645,0.005820980,0.023986444,0.996305525
251,8.375033,2,false,false,-0.057237588,-0.156007349,0.263387918,0.081891164,-0.000659528,0.024229655,0.996346533
252,8.408400,2,false,false,-0.061629299,-0.155571878,0.264329284,0.080211341,-0.007040214,0.022141594,0.996507049
253,8.441767,2,false,false,-0.066064999,-0.154904038,0.265229464,0.078367852,-0.010738390,0.017480081,0.996713400
254,8.475133,2,false,false,-0.070105635,-0.154414237,0.266782969,0.076821394,-0.015131042,0.012990762,0.996845424
255,8.508500,2,false,false,-0.072763167,-0.153645322,0.268284857,0.073883653,-0.020352809,0.009324492,0.997015595
256,8.541867,2,false,false,-0.075310379,-0.152787879,0.270091414,0.070945062,-0.022702124,0.006304123,0.997201920
257,8.575233,2,false,false,-0.077216521,-0.151759014,0.271349907,0.068961918,-0.026258666,0.002217810,0.997271180
258,8.608600,2,false,false,-0.078397878,-0.150660992,0.272827119,-0.066195734,0.029268684,0.001912473,-0.997375488
259,8.641967,2,false,false,-0.079628594,-0.149375975,0.274108529,-0.063650370,0.030227961,0.006686857,-0.997492015
260,8.675333,2,false,false,-0.079717427,-0.148134485,0.276038677,-0.061270632,0.030396275,0.009883964,-0.997609317
261,8.708700,2,false,false,-0.078661539,-0.147063389,0.277775913,-0.058313891,0.030399127,0.010298938,-0.997782171
262,8.742067,2,false,false,-0.077673078,-0.145912975,0.278883576,-0.056554731,0.030594332,0.009609368,-0.997884393
263,8.775433,2,false,false,-0.076577902,-0.144722983,0.280315131,-0.055522632,0.030399824,0.008648804,-0.997957110
264,8.808800,2,false,false,-0.075743534,-0.143694833,0.281073153,-0.053792145,0.029455498,0.007463599,-0.998089790
265,8.842167,2,false,true,-0.075017735,-0.143069983,0.281973898,0.052879699,-0.028745608,-0.007779524,0.998156846
266,8.875533,2,false,false,-0.074331060,-0.142598808,0.282692343,0.051757067,-0.028386207,-0.007011184,0.998231590
267,8.908900,2,false,false,-0.073729120,-0.142221689,0.283156127,0.050779428,-0.028860869,-0.006325961,0.998272777
268,8.942267,2,false,false,-0.073167115,-0.141438067,0.283829838,0.050058901,-0.028236181,-0.007537567,0.998318613
269,8.975633,2,false,false,-0.072747603,-0.140775636,0.284601808,0.048570774,-0.027981795,-0.008739025,0.998389482
270,9.009000,2,false,false,-0.072571270,-0.140056789,0.284967780,0.047964208,-0.028912211,-0.009537800,0.998385012
271,9.042367,2,false,false,-0.072400160,-0.139613509,0.285387874,0.047049269,-0.029869759,-0.009652571,0.998399258
272,9.075733,2,false,false,-0.072357893,-0.139220327,0.285812706,0.046205133,-0.030586068,-0.011009695,0.998402894
273,9.109100,2,false,false,-0.072745278,-0.138670802,0.285896450,0.045395456,-0.031314857,-0.012848607,0.998395562
274,9.142467,2,false,false,-0.073038206,-0.138086259,0.286118984,-0.044669934,0.032558013,0.014438727,-0.998366714
275,9.175833,2,false,false,-0.072911464,-0.137857407,0.285815597,-0.046048239,0.033236559,0.015099496,-0.998272002
276,9.209200,2,false,false,-0.072762817,-0.138013601,0.286092311,-0.046000991,0.033827875,0.014836508,-0.998258233
277,9.242567,2,false,false,-0.072752625,-0.137914374,0.286161453,-0.045639817,0.033761453,0.015126739,-0.998272717
278,9.275933,2,false,false,-0.072713144,-0.138043433,0.286187410,-0.045427434,0.033817098,0.015293961,-0.998277962
279,9.309300,2,false,false,-0.072833560,-0.138001174,0.286212802,-0.045205861,0.033598300,0.015533748,-0.998291671
280,9.342667,2,false,true,-0.073219053,-0.137657702,0.285931677,0.045431398,-0.034024518,-0.015313235,0.998270452
281,9.376033,2,false,false,-0.072935849,-0.137482285,0.286118656,0.045653649,-0.033577066,-0.014100051,0.998293281
282,9.409400,2,false,false,-0.072252654,-0.137332752,0.286322683,0.045337617,-0.032906424,-0.012482732,0.998351634
283,9.442767,2,false,false,-0.071637429,-0.137358204,0.287114441,0.043893252,-0.029784776,-0.010834033,0.998533428
284,9.476133,2,false,false,-0.071569383,-0.137407824,0.286856830,0.043868374,-0.028485039,-0.013224201,0.998543620
285,9.509500,2,false,false,-0.071351022,-0.137475252,0.286571473,0.043198604,-0.028560318,-0.014705222,0.998549998
286,9.542867,2,false,false,-0.071156256,-0.137507722,0.286439121,0.041660525,-0.029739685,-0.015440602,0.998569787
287,9.576233,2,false,false,-0.071699694,-0.137644470,0.286527753,0.040766504,-0.030988261,-0.019065175,0.998506129
288,9.609600,2,false,false,-0.072153039,-0.137432933,0.287422419,-0.040139966,0.031951815,0.022018703,-0.998440325
289,9.642967,2,false,false,-0.072423123,-0.137247175,0.287165612,-0.039200172,0.032733247,0.023045197,-0.998429179
290,9.676333,2,false,false,-0.072478525,-0.136977151,0.287237465,-0.038245082,0.034193605,0.021434711,-0.998453140
291,9.709700,2,false,false,-0.071819499,-0.136732355,0.286639303,-0.038600385,0.036061209,0.020118667,-0.998401225
292,9.743067,2,false,false,-0.071195945,-0.136244401,0.285711408,-0.039654288,0.036066990,0.019266296,-0.998376489
293,9.776433,2,false,false,-0.069515944,-0.135522082,0.284289241,-0.040154390,0.033879876,0.012523494,-0.998540401
294,9.809800,2,false,false,-0.067487754,-0.134805024,0.283028901,-0.040391475,0.031607680,0.003811966,-0.998676658
295,9.843167,2,false,true,-0.065353923,-0.134161651,0.281641364,0.040171627,-0.029331775,0.003090462,0.998757422
296,9.876533,2,false,false,-0.064217709,-0.133451939,0.279696286,0.041925408,-0.029790198,0.005654145,0.998660564
297,9.909900,2,false,false,-0.063070782,-0.132930487,0.277417928,0.044988684,-0.031435095,0.007521615,0.998464465
298,9.943267,2,false,false,-0.062459502,-0.132541880,0.275054723,0.048450198,-0.034249753,0.008152481,0.998204947
299,9.976633,2,false,false,-0.062288225,-0.132234037,0.272803932,0.050144084,-0.036912270,0.006355837,0.998039424
300,10.010000,2,false,false,-0.062325884,-0.132291138,0.271432430,0.049120933,-0.038097244,0.003222014,0.998060882
301,10.043367,2,false,false,-0.063209012,-0.132216513,0.269997478,0.046687961,-0.037468076,-0.001159551,0.998205960
302,10.076733,2,false,false,-0.063811131,-0.132187262,0.268901110,0.042121887,-0.037005469,-0.004248405,0.998417914
303,10.110100,2,false,false,-0.064316139,-0.131895155,0.266805708,0.039922912,-0.037855193,-0.006211783,0.998466194
304,10.143467,2,false,false,-0.064847417,-0.131601900,0.264807761,-0.038649820,0.041245520,0.008430085,-0.998365641
305,10.176833,2,false,false,-0.065245673,-0.131286249,0.262068689,-0.036275905,0.043612335,0.010586367,-0.998333633
306,10.210200,2,false,false,-0.065334246,-0.131100893,0.258965731,-0.036193233,0.046173587,0.011256834,-0.998214066
307,10.243567,2,false,false,-0.065148301,-0.130588844,0.255653739,-0.036231816,0.049186327,0.012530599,-0.998053610
308,10.276933,2,false,false,-0.065109156,-0.129893765,0.251842797,-0.035650019,0.050352879,0.015890453,-0.997968614
309,10.310300,2,false,false,-0.065099351,-0.129269168,0.247798562,-0.034944851,0.048881941,0.018946711,-0.998013258
310,10.343667,2,false,true,-0.064789072,-0.128625661,0.243203580,0.034222420,-0.046880525,-0.019829474,0.998117149
311,10.377033,2,false,false,-0.063855655,-0.127736807,0.238744140,0.034202874,-0.046256904,-0.019405602,0.998155296
312,10.410400,2,false,false,-0.062153440,-0.126547217,0.233505309,0.034133885,-0.046808649,-0.018253664,0.998153627
313,10.443767,2,false,false,-0.060768101,-0.125299796,0.227685362,0.035017647,-0.045853101,-0.016855974,0.998192012
314,10.477133,2,false,false,-0.059515655,-0.123678260,0.221573621,0.036364421,-0.044674944,-0.016734924,0.998199284
315,10.510500,2,false,false,-0.058271784,-0.121828422,0.215466529,0.036390230,-0.043864332,-0.017421007,0.998222530
316,10.543867,2,false,false,-0.057123173,-0.119668752,0.209359556,0.037573725,-0.043576434,-0.018370364,0.998174250
317,10.577233,2,false,false,-0.055918537,-0.117130160,0.203558728,0.036953494,-0.043980967,-0.020204835,0.998144269
318,10.610600,2,false,false,-0.054586969,-0.114665061,0.197399035,-0.035451412,0.044570573,0.023768976,-0.998094082
319,10.643967,2,false,false,-0.053818908,-0.111823641,0.191985399,-0.033750061,0.044518944,0.027916359,-0.998048007
320,10.677333,2,false,false,-0.052722782,-0.108675130,0.185939565,-0.030888252,0.042647704,0.030845817,-0.998136103
321,10.710700,2,false,false,-0.051520251,-0.105546467,0.179794803,-0.029322993,0.040344749,0.032257978,-0.998234391
322,10.744067,2,false,false,-0.050433535,-0.102182157,0.172730818,-0.027308151,0.040452976,0.033572979,-0.998243868
323,10.777433,2,false,false,-0.049171146,-0.098856851,0.165359601,-0.026458772,0.041651055,0.035043824,-0.998166919
324,10.810800,2,false,false,-0.047952637,-0.095216334,0.158031017,-0.026327373,0.041350145,0.035490736,-0.998167098
325,10.844167,2,false,true,-0.046646465,-0.091498479,0.151491076,0.025080822,-0.041231025,-0.034668941,0.998232961
326,10.877533,2,false,false,-0.044700846,-0.088091254,0.144932553,0.022467272,-0.042411022,-0.033854704,0.998273730
327,10.910900,2,false,false,-0.042930506,-0.084702022,0.138221890,0.019383604,-0.042227559,-0.032750189,0.998382986
328,10.944267,2,false,false,-0.041002095,-0.081367463,0.131441861,0.016737700,-0.041017748,-0.030311098,0.998558283
329,10.977633,2,false,false,-0.039586458,-0.078233130,0.124312244,0.015284454,-0.040800504,-0.028366670,0.998647630
330,11.011000,2,false,false,-0.038418941,-0.074862979,0.116849042,0.014631814,-0.042392783,-0.028118052,0.998598099
331,11.044367,2,false,false,-0.037137464,-0.071242377,0.109524213,0.014291061,-0.045008473,-0.028718807,0.998471439
332,11.077733,2,false,false,-0.036048248,-0.067809127,0.102783695,0.014020375,-0.047691830,-0.031431571,0.998269081
333,11.111100,2,false,false,-0.035416700,-0.063992746,0.094402686,-0.012616425,0.049799085,0.035511203,-0.998048007
334,11.144467,2,false,false,-0.034681518,-0.060770418,0.088356435,-0.010450916,0.051816769,0.038822077,-0.997847021
335,11.177833,2,false,false,-0.033623129,-0.057055015,0.082549855,-0.008633957,0.053671099,0.041265436,-0.997668326
336,11.211200,2,false,false,-0.032630455,-0.053720459,0.076852672,-0.006729435,0.056255940,0.042250846,-0.997499347
337,11.244567,2,false,false,-0.031467985,-0.050354790,0.071395345,-0.005812511,0.058177650,0.043228660,-0.997352898
338,11.277933,2,false,false,-0.030305425,-0.047390986,0.066407382,-0.004530794,0.058153521,0.043595154,-0.997345090
339,11.311300,2,false,false,-0.029645856,-0.044568367,0.061591860,-0.002936833,0.058146037,0.043520480,-0.997354746
340,11.344667,2,false,true,-0.029612092,-0.041315142,0.055955298,0.002794741,-0.061462183,-0.045071092,0.997087359
341,11.378033,2,false,false,-0.029521767,-0.038798198,0.051779155,0.001894899,-0.065292954,-0.048694875,0.996675551
342,11.411400,2,false,false,-0.029895261,-0.036130320,0.048325613,-0.000806131,-0.066771187,-0.053882908,0.996312022
343,11.444767,2,false,false,-0.030479020,-0.033117816,0.044657212,-0.003229802,-0.067296617,-0.058816314,0.995992720
344,11.478133,2,false,false,-0.030196972,-0.030019667,0.040237013,-0.005715081,-0.067610241,-0.060610950,0.995852649
345,11.511500,2,false,false,-0.029152485,-0.027463315,0.036086887,-0.007833687,-0.069607183,-0.059069823,0.995793343
346,11.544867,2,false,false,-0.028254213,-0.025081921,0.032352172,-0.009575219,-0.072380394,-0.057776753,0.995656192
347,11.578233,2,false,false,-0.027873347,-0.022684276,0.028432736,-0.011810715,-0.073576309,-0.057761338,0.995545447
348,11.611600,2,false,false,-0.027659703,-0.021069728,0.024446709,0.013089578,0.074517183,0.058893971,-0.995393097
349,11.644967,2,false,false,-0.027930891,-0.018720636,0.021589387,0.013989810,0.075284921,0.060884323,-0.995203316
350,11.678333,2,false,false,-0.027132865,-0.016265426,0.018758895,0.015889762,0.073925883,0.061556067,-0.995235324
351,11.711700,2,false,false,-0.026128428,-0.014096857,0.016841432,0.017155714,0.070879273,0.059677817,-0.995550334
352,11.745067,2,false,true,-0.024540333,-0.011807398,0.014741697,-0.017909078,-0.070239551,-0.056901731,0.995744944
353,11.778433,2,false,false,-0.023011858,-0.010127769,0.012722342,-0.018772326,-0.070714101,-0.054976650,0.995803595
354,11.811800,2,false,false,-0.021609170,-0.008665926,0.011423796,-0.020171808,-0.068274572,-0.053186547,0.996043622
355,11.845167,2,false,false,-0.020869488,-0.007870406,0.009476503,-0.021198964,-0.065881900,-0.051284272,0.996283174
356,11.878533,2,false,false,-0.019181501,-0.007074867,0.008700236,-0.021561002,-0.064719722,-0.049708478,0.996431410
357,11.911900,2,false,false,-0.017071947,-0.006275771,0.008147125,-0.020768311,-0.060525950,-0.047266599,0.996830583
358,11.945267,2,false,false,-0.014562761,-0.005355777,0.007619368,-0.019875918,-0.056050587,-0.044047303,0.997257888
359,11.978633,2,false,false,-0.012012993,-0.004764817,0.007104638,-0.019884652,-0.053158898,-0.041284617,0.997534156
360,12.012000,2,false,false,-0.009760791,-0.004074497,0.007146715,-0.020344805,-0.049071454,-0.037580442,0.997880697
361,12.045367,2,false,false,-0.008250975,-0.004950518,0.008824551,0.020721504,0.046930477,0.033600695,-0.998117864
362,12.078733,2,false,false,-0.006373577,-0.004327726,0.008531236,0.019152304,0.043629132,0.031184273,-0.998377323
363,12.112100,2,false,false,-0.005141741,-0.003985262,0.008357708,0.018390866,0.038004655,0.029514482,-0.998672307
364,12.145467,2,false,false,-0.003572700,-0.003941285,0.008489323,0.017089076,0.037051506,0.025736991,-0.998835683
365,12.178833,2,false,false,-0.002268877,-0.003982384,0.008578603,0.015805557,0.035328578,0.022457685,-0.998998404
366,12.212200,2,false,false,-0.001575790,-0.003865232,0.008818647,0.015305994,0.031849798,0.020628251,-0.999162555
367,12.245567,2,false,true,-0.001467892,-0.004047335,0.008802904,-0.015087155,-0.030195780,-0.021425534,0.999200463
368,12.278933,2,false,false,-0.001733067,-0.004491488,0.009159458,-0.014905545,-0.028412996,-0.024655301,0.999181032
369,12.312300,2,false,false,-0.001499646,-0.004063359,0.009298560,-0.013052169,-0.028871212,-0.025650488,0.999168694
370,12.345667,2,false,false,-0.000840159,-0.002729289,0.009178688,-0.009973194,-0.029672869,-0.024739180,0.999203742
371,12.379033,2,false,false,0.000267265,-0.000685091,0.008769001,-0.005146453,-0.030263955,-0.022653449,0.999271989
372,12.412400,2,false,false,0.001224734,0.001154865,0.008117597,-0.000233122,-0.030804358,-0.019758435,0.999330103
373,12.445767,2,false,false,0.002124349,0.002931840,0.007148591,0.004584991,-0.031915177,-0.019676659,0.999286413
374,12.479133,2,false,false,0.002214367,0.005061988,0.007239756,-0.008237718,0.032529969,0.020427879,-0.999228001
375,12.512500,2,false,false,0.002010519,0.004401274,0.006598036,-0.008981127,0.028687136,0.020060448,-0.999346793
376,12.545867,2,false,false,0.001235403,0.003963122,0.007729887,-0.008698585,0.026802208,0.022475483,-0.999350250
377,12.579233,2,false,false,-0.000127049,0.004021216,0.006152436,-0.009654150,0.025226621,0.026007041,-0.999296844
378,12.612600,2,false,false,-0.000685021,0.004607506,0.006494106,-0.011562274,0.023323709,0.027245374,-0.999289751
379,12.645967,2,false,false,-0.000347415,0.004767511,0.006504168,-0.011370352,0.020472979,0.025412137,-0.999402761
380,12.679333,2,false,false,0.000343784,0.004687055,0.006851201,-0.010253935,0.016864071,0.021526664,-0.999573529
381,12.712700,2,false,false,0.001202865,0.004713777,0.006917594,-0.009888593,0.014075814,0.017914101,-0.999691606
382,12.746067,2,false,true,0.001508617,0.004005449,0.006903879,0.009817693,-0.012382022,-0.015788669,0.999750495
383,12.779433,2,false,false,0.001404137,0.003765909,0.007114623,0.009760742,-0.011386828,-0.015502090,0.999767423
384,12.812800,2,false,false,0.000695856,0.003781155,0.007189754,0.009319574,-0.010562515,-0.018708967,0.999725759
385,12.846167,2,false,false,0.000332632,0.003846746,0.007151360,0.008995035,-0.010843918,-0.021385791,0.999672055
386,12.879533,2,false,false,0.000891107,0.003874092,0.007017767,0.009765851,-0.010082249,-0.018693693,0.999726772
387,12.912900,2,false,false,0.001725718,0.003824438,0.006959130,0.009959460,-0.007446635,-0.013311535,0.999834120
388,12.946267,2,false,false,0.001804643,0.003759570,0.006873380,0.010654625,-0.001674214,-0.009410219,0.999897599
389,12.979633,2,false,false,0.001469473,0.003732471,0.006941573,0.010235033,-0.000251517,-0.009513416,0.999902427
390,13.013000,2,false,false,0.001332114,0.003773256,0.006968045,0.009954138,0.000029966,-0.011403325,0.999885499
391,13.046367,2,false,false,0.001256561,0.003761443,0.007080433,0.009957560,0.000065430,-0.013408701,0.999860525
392,13.079733,2,false,false,0.001398465,0.004005074,0.007138836,-0.010137021,-0.000009759,0.012983964,-0.999864340
393,13.113100,2,false,false,0.001695453,0.003995311,0.007018614,-0.010004652,0.000005810,0.010696760,-0.999892771
394,13.146467,2,false,false,0.001792229,0.003992240,0.006897480,-0.009778741,0.000201538,0.009098588,-0.999910772
395,13.179833,2,false,false,0.001587786,0.004005668,0.006780798,-0.009737783,0.000119303,0.009945827,-0.999903142
396,13.213200,2,false,false,0.001535665,0.003973432,0.006961536,-0.009757259,0.000138112,0.011060247,-0.999891222
397,13.246567,2,false,true,0.001129002,0.003766171,0.007482714,0.009736934,-0.000393466,-0.010310886,0.999899387
398,13.279933,2,false,false,0.001082505,0.003811473,0.007505421,0.009872618,-0.000428135,-0.010227748,0.999898911
399,13.313300,2,false,false,0.000882305,0.003789901,0.007567628,0.009719237,-0.000381265,-0.011085111,0.999891281
400,13.346667,2,false,false,0.000917384,0.003824904,0.007505020,0.009508143,-0.000435264,-0.011070245,0.999893427
401,13.380033,2,false,false,0.000972532,0.003748531,0.007713777,0.008514729,-0.001067091,-0.010104696,0.999912143
402,13.413400,2,false,false,0.000871929,0.003653105,0.007754552,0.008449134,-0.001435383,-0.010447654,0.999908686
403,13.446767,2,false,false,0.000628624,0.003755960,0.007682453,0.008699627,-0.001962527,-0.011712233,0.999891639
404,13.480133,2,false,false,0.000880377,0.003808627,0.007554499,0.008898634,-0.003688930,-0.011387367,0.999888778
405,13.513500,2,false,false,0.000777203,0.003695247,0.007644124,0.008678217,-0.005093613,-0.012481309,0.999871492
