run_phase,tick,time_s,q_nom_pan_deg,q_nom_lift_deg,q_nom_elbow_deg,q_nom_wrist_flex_deg,q_nom_wrist_roll_deg,q_actual_pan_deg,q_actual_lift_deg,q_actual_elbow_deg,q_actual_wrist_flex_deg,q_actual_wrist_roll_deg,q_cmd_pan_deg,q_cmd_lift_deg,q_cmd_elbow_deg,q_cmd_wrist_flex_deg,q_cmd_wrist_roll_deg,gravity_pan_deg,gravity_lift_deg,gravity_elbow_deg,gravity_wrist_flex_deg,gravity_wrist_roll_deg,tracking_pan_deg,tracking_lift_deg,tracking_elbow_deg,tracking_wrist_flex_deg,tracking_wrist_roll_deg,desired_tcp_x_m,desired_tcp_y_m,desired_tcp_z_m,actual_tcp_x_m,actual_tcp_y_m,actual_tcp_z_m,tcp_position_error_mm,loop_time_ms
START_HOLD,0,0.0000,1.4945,-83.5165,79.8242,45.3626,0.0000,1.6703,-83.3846,80.3077,45.4945,-0.0879,1.6706,-84.1948,77.3007,44.6007,-0.3080,0.2640,-0.6124,-2.2817,-0.6960,-0.3520,-0.0879,-0.0659,-0.2418,-0.0659,0.0440,0.252443,-0.005749,0.030661,0.250816,-0.006358,0.027423,3.6741,2.7318
START_HOLD,1,0.0333,1.4945,-83.5165,79.8242,45.3626,0.0000,1.6703,-83.3846,80.3077,45.4945,-0.0879,1.6706,-84.1948,77.3007,44.6007,-0.3080,0.2640,-0.6124,-2.2817,-0.6960,-0.3520,-0.0879,-0.0659,-0.2418,-0.0659,0.0440,0.252443,-0.005749,0.030661,0.250816,-0.006358,0.027423,3.6741,2.9673
START_HOLD,2,0.0667,1.4945,-83.5165,79.8242,45.3626,0.0000,1.6703,-83.5604,80.0440,45.1429,-0.0879,1.6706,-84.1099,77.4274,44.7691,-0.3080,0.2640,-0.6154,-2.2869,-0.7034,-0.3520,-0.0879,0.0220,-0.1099,0.1099,0.0440,0.252443,-0.005749,0.030661,0.252542,-0.006408,0.030286,0.7645,2.6597
START_HOLD,3,0.1000,1.4945,-83.5165,79.8242,45.3626,0.0000,1.6703,-83.5604,79.3407,45.1429,-0.0879,1.6706,-84.1128,77.7756,44.7626,-0.3080,0.2640,-0.6183,-2.2903,-0.7099,-0.3520,-0.0879,0.0220,0.2418,0.1099,0.0440,0.252443,-0.005749,0.030661,0.254076,-0.006453,0.033881,3.6790,2.7464
START_HOLD,4,0.1333,1.4945,-83.5165,79.8242,45.3626,0.0000,1.6703,-83.7363,79.1648,45.0549,-0.0879,1.6706,-84.0254,77.8612,44.8026,-0.3080,0.2640,-0.6188,-2.2926,-0.7139,-0.3520,-0.0879,0.1099,0.3297,0.1538,0.0440,0.252443,-0.005749,0.030661,0.254913,-0.006477,0.035598,5.5688,2.8330
START_HOLD,5,0.1667,1.4945,-83.5165,79.8242,45.3626,0.0000,1.6703,-83.8242,78.9890,44.9670,-0.0879,1.6706,-83.9822,77.9473,44.8434,-0.3080,0.2640,-0.6196,-2.2944,-0.7171,-0.3520,-0.0879,0.1538,0.4176,0.1978,0.0440,0.252443,-0.005749,0.030661,0.255614,-0.006497,0.037036,7.1601,2.7075
START_HOLD,6,0.2000,1.4945,-83.5165,79.8242,45.3626,0.0000,1.6703,-83.8242,78.9890,44.9670,-0.0879,1.6706,-83.9822,77.9473,44.8434,-0.3080,0.2640,-0.6196,-2.2944,-0.7171,-0.3520,-0.0879,0.1538,0.4176,0.1978,0.0440,0.252443,-0.005749,0.030661,0.255614,-0.006497,0.037036,7.1601,2.7714
START_HOLD,7,0.2333,1.4945,-83.5165,79.8242,45.3626,0.0000,1.6703,-83.7363,79.0769,45.0549,-0.0879,1.6706,-84.0257,77.9048,44.8018,-0.3080,0.2640,-0.6191,-2.2930,-0.7147,-0.3520,-0.0879,0.1099,0.3736,0.1538,0.0440,0.252443,-0.005749,0.030661,0.255098,-0.006482,0.036050,6.0531,2.8950
START_HOLD,8,0.2667,1.4945,-83.5165,79.8242,45.3626,0.0000,1.6703,-83.6484,79.2527,45.1429,-0.0879,1.6706,-84.0688,77.8188,44.7610,-0.3080,0.2640,-0.6182,-2.2911,-0.7115,-0.3520,-0.0879,0.0659,0.2857,0.1099,0.0440,0.252443,-0.005749,0.030661,0.254390,-0.006462,0.034616,4.4663,2.6931
START_HOLD,9,0.3000,1.4945,-83.5165,79.8242,45.3626,0.0000,1.6703,-83.6484,79.3407,45.1429,-0.0879,1.6706,-84.0685,77.7752,44.7618,-0.3080,0.2640,-0.6179,-2.2907,-0.7107,-0.3520,-0.0879,0.0659,0.2418,0.1099,0.0440,0.252443,-0.005749,0.030661,0.254202,-0.006456,0.034165,3.9848,2.7624
START_HOLD,10,0.3333,1.4945,-83.5165,79.8242,45.3626,0.0000,1.6703,-83.6484,79.2527,45.1429,-0.0879,1.6706,-84.0688,77.8188,44.7610,-0.3080,0.2640,-0.6182,-2.2911,-0.7115,-0.3520,-0.0879,0.0659,0.2857,0.1099,0.0440,0.252443,-0.005749,0.030661,0.254390,-0.006462,0.034616,4.4663,2.9793
START_HOLD,11,0.3667,1.4945,-83.5165,79.8242,45.3626,0.0000,1.6703,-83.7363,79.0769,45.0549,-0.0879,1.6706,-84.0257,77.9048,44.8018,-0.3080,0.2640,-0.6191,-2.2930,-0.7147,-0.3520,-0.0879,0.1099,0.3736,0.1538,0.0440,0.252443,-0.005749,0.030661,0.255098,-0.006482,0.036050,6.0531,2.7525
START_HOLD,12,0.4000,1.4945,-83.5165,79.8242,45.3626,0.0000,1.6703,-83.7363,79.0769,45.0549,-0.0879,1.6706,-84.0257,77.9048,44.8018,-0.3080,0.2640,-0.6191,-2.2930,-0.7147,-0.3520,-0.0879,0.1099,0.3736,0.1538,0.0440,0.252443,-0.005749,0.030661,0.255098,-0.006482,0.036050,6.0531,2.7389
START_HOLD,13,0.4333,1.4945,-83.5165,79.8242,45.3626,0.0000,1.6703,-83.7363,79.0769,45.0549,-0.0879,1.6706,-84.0257,77.9048,44.8018,-0.3080,0.2640,-0.6191,-2.2930,-0.7147,-0.3520,-0.0879,0.1099,0.3736,0.1538,0.0440,0.252443,-0.005749,0.030661,0.255098,-0.006482,0.036050,6.0531,2.8066
START_HOLD,14,0.4667,1.4945,-83.5165,79.8242,45.3626,0.0000,1.6703,-83.6484,79.1648,45.0549,-0.0879,1.6706,-84.0697,77.8616,44.8034,-0.3080,0.2640,-0.6192,-2.2922,-0.7131,-0.3520,-0.0879,0.0659,0.3297,0.1538,0.0440,0.252443,-0.005749,0.030661,0.254788,-0.006473,0.035313,5.2606,2.6782
START_HOLD,15,0.5000,1.4945,-83.5165,79.8242,45.3626,0.0000,1.6703,-83.6484,79.2527,45.0549,-0.0879,1.6706,-84.0694,77.8181,44.8042,-0.3080,0.2640,-0.6188,-2.2918,-0.7123,-0.3520,-0.0879,0.0659,0.2857,0.1538,0.0440,0.252443,-0.005749,0.030661,0.254601,-0.006468,0.034862,4.7777,2.7574
START_HOLD,16,0.5333,1.4945,-83.5165,79.8242,45.3626,0.0000,1.6703,-83.6484,79.2527,45.0549,-0.0879,1.6706,-84.0694,77.8181,44.8042,-0.3080,0.2640,-0.6188,-2.2918,-0.7123,-0.3520,-0.0879,0.0659,0.2857,0.1538,0.0440,0.252443,-0.005749,0.030661,0.254601,-0.006468,0.034862,4.7777,2.9128
START_HOLD,17,0.5667,1.4945,-83.5165,79.8242,45.3626,0.0000,1.6703,-83.6484,79.1648,45.0549,-0.0879,1.6706,-84.0697,77.8616,44.8034,-0.3080,0.2640,-0.6192,-2.2922,-0.7131,-0.3520,-0.0879,0.0659,0.3297,0.1538,0.0440,0.252443,-0.005749,0.030661,0.254788,-0.006473,0.035313,5.2606,2.7049
START_HOLD,18,0.6000,1.4945,-83.5165,79.8242,45.3626,0.0000,1.6703,-83.7363,79.1648,45.0549,-0.0879,1.6706,-84.0254,77.8612,44.8026,-0.3080,0.2640,-0.6188,-2.2926,-0.7139,-0.3520,-0.0879,0.1099,0.3297,0.1538,0.0440,0.252443,-0.005749,0.030661,0.254913,-0.006477,0.035598,5.5688,2.7439
START_HOLD,19,0.6333,1.4945,-83.5165,79.8242,45.3626,0.0000,1.6703,-83.7363,79.1648,45.0549,-0.0879,1.6706,-84.0254,77.8612,44.8026,-0.3080,0.2640,-0.6188,-2.2926,-0.7139,-0.3520,-0.0879,0.1099,0.3297,0.1538,0.0440,0.252443,-0.005749,0.030661,0.254913,-0.006477,0.035598,5.5688,2.8388
START_HOLD,20,0.6667,1.4945,-83.5165,79.8242,45.3626,0.0000,1.6703,-83.6484,79.1648,45.0549,-0.0879,1.6706,-84.0697,77.8616,44.8034,-0.3080,0.2640,-0.6192,-2.2922,-0.7131,-0.3520,-0.0879,0.0659,0.3297,0.1538,0.0440,0.252443,-0.005749,0.030661,0.254788,-0.006473,0.035313,5.2606,2.7289
START_HOLD,21,0.7000,1.4945,-83.5165,79.8242,45.3626,0.0000,1.6703,-83.6484,79.1648,45.0549,-0.0879,1.6706,-84.0697,77.8616,44.8034,-0.3080,0.2640,-0.6192,-2.2922,-0.7131,-0.3520,-0.0879,0.0659,0.3297,0.1538,0.0440,0.252443,-0.005749,0.030661,0.254788,-0.006473,0.035313,5.2606,2.8007
START_HOLD,22,0.7333,1.4945,-83.5165,79.8242,45.3626,0.0000,1.6703,-83.6484,79.1648,45.0549,-0.0879,1.6706,-84.0697,77.8616,44.8034,-0.3080,0.2640,-0.6192,-2.2922,-0.7131,-0.3520,-0.0879,0.0659,0.3297,0.1538,0.0440,0.252443,-0.005749,0.030661,0.254788,-0.006473,0.035313,5.2606,2.8966
START_HOLD,23,0.7667,1.4945,-83.5165,79.8242,45.3626,0.0000,1.6703,-83.6484,79.1648,45.0549,-0.0879,1.6706,-84.0697,77.8616,44.8034,-0.3080,0.2640,-0.6192,-2.2922,-0.7131,-0.3520,-0.0879,0.0659,0.3297,0.1538,0.0440,0.252443,-0.005749,0.030661,0.254788,-0.006473,0.035313,5.2606,2.7648
START_HOLD,24,0.8000,1.4945,-83.5165,79.8242,45.3626,0.0000,1.6703,-83.6484,79.1648,45.0549,-0.0879,1.6706,-84.0697,77.8616,44.8034,-0.3080,0.2640,-0.6192,-2.2922,-0.7131,-0.3520,-0.0879,0.0659,0.3297,0.1538,0.0440,0.252443,-0.005749,0.030661,0.254788,-0.006473,0.035313,5.2606,2.7684
START_HOLD,25,0.8333,1.4945,-83.5165,79.8242,45.3626,0.0000,1.6703,-83.6484,79.1648,45.0549,-0.0879,1.6706,-84.0697,77.8616,44.8034,-0.3080,0.2640,-0.6192,-2.2922,-0.7131,-0.3520,-0.0879,0.0659,0.3297,0.1538,0.0440,0.252443,-0.005749,0.030661,0.254788,-0.006473,0.035313,5.2606,4.5103
START_HOLD,26,0.8667,1.4945,-83.5165,79.8242,45.3626,0.0000,1.6703,-83.6484,79.1648,45.0549,-0.0879,1.6706,-84.0697,77.8616,44.8034,-0.3080,0.2640,-0.6192,-2.2922,-0.7131,-0.3520,-0.0879,0.0659,0.3297,0.1538,0.0440,0.252443,-0.005749,0.030661,0.254788,-0.006473,0.035313,5.2606,2.8674
START_HOLD,27,0.9000,1.4945,-83.5165,79.8242,45.3626,0.0000,1.6703,-83.6484,79.1648,45.0549,-0.0879,1.6706,-84.0697,77.8616,44.8034,-0.3080,0.2640,-0.6192,-2.2922,-0.7131,-0.3520,-0.0879,0.0659,0.3297,0.1538,0.0440,0.252443,-0.005749,0.030661,0.254788,-0.006473,0.035313,5.2606,2.7959
START_HOLD,28,0.9333,1.4945,-83.5165,79.8242,45.3626,0.0000,1.6703,-83.6484,79.1648,45.0549,-0.0879,1.6706,-84.0697,77.8616,44.8034,-0.3080,0.2640,-0.6192,-2.2922,-0.7131,-0.3520,-0.0879,0.0659,0.3297,0.1538,0.0440,0.252443,-0.005749,0.030661,0.254788,-0.006473,0.035313,5.2606,2.7816
START_HOLD,29,0.9667,1.4945,-83.5165,79.8242,45.3626,0.0000,1.6703,-83.6484,79.1648,45.0549,-0.0879,1.6706,-84.0697,77.8616,44.8034,-0.3080,0.2640,-0.6192,-2.2922,-0.7131,-0.3520,-0.0879,0.0659,0.3297,0.1538,0.0440,0.252443,-0.005749,0.030661,0.254788,-0.006473,0.035313,5.2606,2.7577
START_HOLD,30,1.0000,1.4945,-83.5165,79.8242,45.3626,0.0000,1.6703,-83.6484,79.1648,45.0549,-0.0879,1.6706,-84.0697,77.8616,44.8034,-0.3080,0.2640,-0.6192,-2.2922,-0.7131,-0.3520,-0.0879,0.0659,0.3297,0.1538,0.0440,0.252443,-0.005749,0.030661,0.254788,-0.006473,0.035313,5.2606,2.6764
START_HOLD,31,1.0333,1.4945,-83.5165,79.8242,45.3626,0.0000,1.6703,-83.6484,79.1648,45.0549,-0.0879,1.6706,-84.0697,77.8616,44.8034,-0.3080,0.2640,-0.6192,-2.2922,-0.7131,-0.3520,-0.0879,0.0659,0.3297,0.1538,0.0440,0.252443,-0.005749,0.030661,0.254788,-0.006473,0.035313,5.2606,2.7598
START_HOLD,32,1.0667,1.4945,-83.5165,79.8242,45.3626,0.0000,1.6703,-83.6484,79.1648,45.0549,-0.0879,1.6706,-84.0697,77.8616,44.8034,-0.3080,0.2640,-0.6192,-2.2922,-0.7131,-0.3520,-0.0879,0.0659,0.3297,0.1538,0.0440,0.252443,-0.005749,0.030661,0.254788,-0.006473,0.035313,5.2606,2.7068
START_HOLD,33,1.1000,1.4945,-83.5165,79.8242,45.3626,0.0000,1.6703,-83.6484,79.1648,45.0549,-0.0879,1.6706,-84.0697,77.8616,44.8034,-0.3080,0.2640,-0.6192,-2.2922,-0.7131,-0.3520,-0.0879,0.0659,0.3297,0.1538,0.0440,0.252443,-0.005749,0.030661,0.254788,-0.006473,0.035313,5.2606,2.8017
START_HOLD,34,1.1333,1.4945,-83.5165,79.8242,45.3626,0.0000,1.6703,-83.6484,79.1648,45.0549,-0.0879,1.6706,-84.0697,77.8616,44.8034,-0.3080,0.2640,-0.6192,-2.2922,-0.7131,-0.3520,-0.0879,0.0659,0.3297,0.1538,0.0440,0.252443,-0.005749,0.030661,0.254788,-0.006473,0.035313,5.2606,2.7262
START_HOLD,35,1.1667,1.4945,-83.5165,79.8242,45.3626,0.0000,1.6703,-83.6484,79.1648,45.0549,-0.0879,1.6706,-84.0697,77.8616,44.8034,-0.3080,0.2640,-0.6192,-2.2922,-0.7131,-0.3520,-0.0879,0.0659,0.3297,0.1538,0.0440,0.252443,-0.005749,0.030661,0.254788,-0.006473,0.035313,5.2606,2.7683
START_HOLD,36,1.2000,1.4945,-83.5165,79.8242,45.3626,0.0000,1.6703,-83.6484,79.1648,45.0549,-0.0879,1.6706,-84.0697,77.8616,44.8034,-0.3080,0.2640,-0.6192,-2.2922,-0.7131,-0.3520,-0.0879,0.0659,0.3297,0.1538,0.0440,0.252443,-0.005749,0.030661,0.254788,-0.006473,0.035313,5.2606,2.7382
START_HOLD,37,1.2333,1.4945,-83.5165,79.8242,45.3626,0.0000,1.6703,-83.6484,79.1648,45.0549,-0.0879,1.6706,-84.0697,77.8616,44.8034,-0.3080,0.2640,-0.6192,-2.2922,-0.7131,-0.3520,-0.0879,0.0659,0.3297,0.1538,0.0440,0.252443,-0.005749,0.030661,0.254788,-0.006473,0.035313,5.2606,2.7585
START_HOLD,38,1.2667,1.4945,-83.5165,79.8242,45.3626,0.0000,1.6703,-83.6484,79.1648,45.0549,-0.0879,1.6706,-84.0697,77.8616,44.8034,-0.3080,0.2640,-0.6192,-2.2922,-0.7131,-0.3520,-0.0879,0.0659,0.3297,0.1538,0.0440,0.252443,-0.005749,0.030661,0.254788,-0.006473,0.035313,5.2606,2.9801
START_HOLD,39,1.3000,1.4945,-83.5165,79.8242,45.3626,0.0000,1.6703,-83.6484,79.1648,45.0549,-0.0879,1.6706,-84.0697,77.8616,44.8034,-0.3080,0.2640,-0.6192,-2.2922,-0.7131,-0.3520,-0.0879,0.0659,0.3297,0.1538,0.0440,0.252443,-0.005749,0.030661,0.254788,-0.006473,0.035313,5.2606,2.7274
START_HOLD,40,1.3333,1.4945,-83.5165,79.8242,45.3626,0.0000,1.6703,-83.6484,79.1648,45.0549,-0.0879,1.6706,-84.0697,77.8616,44.8034,-0.3080,0.2640,-0.6192,-2.2922,-0.7131,-0.3520,-0.0879,0.0659,0.3297,0.1538,0.0440,0.252443,-0.005749,0.030661,0.254788,-0.006473,0.035313,5.2606,2.6171
START_HOLD,41,1.3667,1.4945,-83.5165,79.8242,45.3626,0.0000,1.6703,-83.6484,79.1648,45.0549,-0.0879,1.6706,-84.0697,77.8616,44.8034,-0.3080,0.2640,-0.6192,-2.2922,-0.7131,-0.3520,-0.0879,0.0659,0.3297,0.1538,0.0440,0.252443,-0.005749,0.030661,0.254788,-0.006473,0.035313,5.2606,2.8698
START_HOLD,42,1.4000,1.4945,-83.5165,79.8242,45.3626,0.0000,1.6703,-83.6484,79.1648,45.0549,-0.0879,1.6706,-84.0697,77.8616,44.8034,-0.3080,0.2640,-0.6192,-2.2922,-0.7131,-0.3520,-0.0879,0.0659,0.3297,0.1538,0.0440,0.252443,-0.005749,0.030661,0.254788,-0.006473,0.035313,5.2606,2.7124
START_HOLD,43,1.4333,1.4945,-83.5165,79.8242,45.3626,0.0000,1.6703,-83.6484,79.1648,45.0549,-0.0879,1.6706,-84.0697,77.8616,44.8034,-0.3080,0.2640,-0.6192,-2.2922,-0.7131,-0.3520,-0.0879,0.0659,0.3297,0.1538,0.0440,0.252443,-0.005749,0.030661,0.254788,-0.006473,0.035313,5.2606,2.7006
START_HOLD,44,1.4667,1.4945,-83.5165,79.8242,45.3626,0.0000,1.6703,-83.6484,79.1648,45.0549,-0.0879,1.6706,-84.0697,77.8616,44.8034,-0.3080,0.2640,-0.6192,-2.2922,-0.7131,-0.3520,-0.0879,0.0659,0.3297,0.1538,0.0440,0.252443,-0.005749,0.030661,0.254788,-0.006473,0.035313,5.2606,2.6400
START_HOLD,45,1.5000,1.4945,-83.5165,79.8242,45.3626,0.0000,1.6703,-83.6484,79.1648,45.0549,-0.0879,1.6706,-84.0697,77.8616,44.8034,-0.3080,0.2640,-0.6192,-2.2922,-0.7131,-0.3520,-0.0879,0.0659,0.3297,0.1538,0.0440,0.252443,-0.005749,0.030661,0.254788,-0.006473,0.035313,5.2606,2.7128
START_HOLD,46,1.5333,1.4945,-83.5165,79.8242,45.3626,0.0000,1.6703,-83.6484,79.1648,45.0549,-0.0879,1.6706,-84.0697,77.8616,44.8034,-0.3080,0.2640,-0.6192,-2.2922,-0.7131,-0.3520,-0.0879,0.0659,0.3297,0.1538,0.0440,0.252443,-0.005749,0.030661,0.254788,-0.006473,0.035313,5.2606,2.8105
START_HOLD,47,1.5667,1.4945,-83.5165,79.8242,45.3626,0.0000,1.6703,-83.6484,79.1648,45.0549,-0.0879,1.6706,-84.0697,77.8616,44.8034,-0.3080,0.2640,-0.6192,-2.2922,-0.7131,-0.3520,-0.0879,0.0659,0.3297,0.1538,0.0440,0.252443,-0.005749,0.030661,0.254788,-0.006473,0.035313,5.2606,2.6573
START_HOLD,48,1.6000,1.4945,-83.5165,79.8242,45.3626,0.0000,1.6703,-83.6484,79.1648,45.0549,-0.0879,1.6706,-84.0697,77.8616,44.8034,-0.3080,0.2640,-0.6192,-2.2922,-0.7131,-0.3520,-0.0879,0.0659,0.3297,0.1538,0.0440,0.252443,-0.005749,0.030661,0.254788,-0.006473,0.035313,5.2606,2.6938
START_HOLD,49,1.6333,1.4945,-83.5165,79.8242,45.3626,0.0000,1.6703,-83.6484,79.1648,45.0549,-0.0879,1.6706,-84.0697,77.8616,44.8034,-0.3080,0.2640,-0.6192,-2.2922,-0.7131,-0.3520,-0.0879,0.0659,0.3297,0.1538,0.0440,0.252443,-0.005749,0.030661,0.254788,-0.006473,0.035313,5.2606,2.5862
START_HOLD,50,1.6667,1.4945,-83.5165,79.8242,45.3626,0.0000,1.6703,-83.6484,79.1648,45.0549,-0.0879,1.6706,-84.0697,77.8616,44.8034,-0.3080,0.2640,-0.6192,-2.2922,-0.7131,-0.3520,-0.0879,0.0659,0.3297,0.1538,0.0440,0.252443,-0.005749,0.030661,0.254788,-0.006473,0.035313,5.2606,2.6674
START_HOLD,51,1.7000,1.4945,-83.5165,79.8242,45.3626,0.0000,1.6703,-83.6484,79.1648,45.0549,-0.0879,1.6706,-84.0697,77.8616,44.8034,-0.3080,0.2640,-0.6192,-2.2922,-0.7131,-0.3520,-0.0879,0.0659,0.3297,0.1538,0.0440,0.252443,-0.005749,0.030661,0.254788,-0.006473,0.035313,5.2606,2.7490
START_HOLD,52,1.7333,1.4945,-83.5165,79.8242,45.3626,0.0000,1.6703,-83.6484,79.1648,45.0549,-0.0879,1.6706,-84.0697,77.8616,44.8034,-0.3080,0.2640,-0.6192,-2.2922,-0.7131,-0.3520,-0.0879,0.0659,0.3297,0.1538,0.0440,0.252443,-0.005749,0.030661,0.254788,-0.006473,0.035313,5.2606,2.6938
START_HOLD,53,1.7667,1.4945,-83.5165,79.8242,45.3626,0.0000,1.6703,-83.6484,79.1648,45.0549,-0.0879,1.6706,-84.0697,77.8616,44.8034,-0.3080,0.2640,-0.6192,-2.2922,-0.7131,-0.3520,-0.0879,0.0659,0.3297,0.1538,0.0440,0.252443,-0.005749,0.030661,0.254788,-0.006473,0.035313,5.2606,2.8213
START_HOLD,54,1.8000,1.4945,-83.5165,79.8242,45.3626,0.0000,1.6703,-83.6484,79.1648,45.0549,-0.0879,1.6706,-84.0697,77.8616,44.8034,-0.3080,0.2640,-0.6192,-2.2922,-0.7131,-0.3520,-0.0879,0.0659,0.3297,0.1538,0.0440,0.252443,-0.005749,0.030661,0.254788,-0.006473,0.035313,5.2606,2.7338
START_HOLD,55,1.8333,1.4945,-83.5165,79.8242,45.3626,0.0000,1.6703,-83.6484,79.1648,45.0549,-0.0879,1.6706,-84.0697,77.8616,44.8034,-0.3080,0.2640,-0.6192,-2.2922,-0.7131,-0.3520,-0.0879,0.0659,0.3297,0.1538,0.0440,0.252443,-0.005749,0.030661,0.254788,-0.006473,0.035313,5.2606,2.7810
START_HOLD,56,1.8667,1.4945,-83.5165,79.8242,45.3626,0.0000,1.6703,-83.6484,79.1648,45.0549,-0.0879,1.6706,-84.0697,77.8616,44.8034,-0.3080,0.2640,-0.6192,-2.2922,-0.7131,-0.3520,-0.0879,0.0659,0.3297,0.1538,0.0440,0.252443,-0.005749,0.030661,0.254788,-0.006473,0.035313,5.2606,5.0102
START_HOLD,57,1.9000,1.4945,-83.5165,79.8242,45.3626,0.0000,1.6703,-83.6484,79.1648,45.0549,-0.0879,1.6706,-84.0697,77.8616,44.8034,-0.3080,0.2640,-0.6192,-2.2922,-0.7131,-0.3520,-0.0879,0.0659,0.3297,0.1538,0.0440,0.252443,-0.005749,0.030661,0.254788,-0.006473,0.035313,5.2606,2.7926
START_HOLD,58,1.9333,1.4945,-83.5165,79.8242,45.3626,0.0000,1.6703,-83.6484,79.1648,45.0549,-0.0879,1.6706,-84.0697,77.8616,44.8034,-0.3080,0.2640,-0.6192,-2.2922,-0.7131,-0.3520,-0.0879,0.0659,0.3297,0.1538,0.0440,0.252443,-0.005749,0.030661,0.254788,-0.006473,0.035313,5.2606,2.8169
START_HOLD,59,1.9667,1.4945,-83.5165,79.8242,45.3626,0.0000,1.6703,-83.6484,79.1648,45.0549,-0.0879,1.6706,-84.0697,77.8616,44.8034,-0.3080,0.2640,-0.6192,-2.2922,-0.7131,-0.3520,-0.0879,0.0659,0.3297,0.1538,0.0440,0.252443,-0.005749,0.030661,0.254788,-0.006473,0.035313,5.2606,2.7475
START_HOLD,60,2.0000,1.4945,-83.5165,79.8242,45.3626,0.0000,1.6703,-83.6484,79.1648,45.0549,-0.0879,1.6706,-84.0697,77.8616,44.8034,-0.3080,0.2640,-0.6192,-2.2922,-0.7131,-0.3520,-0.0879,0.0659,0.3297,0.1538,0.0440,0.252443,-0.005749,0.030661,0.254788,-0.006473,0.035313,5.2606,2.6929
START_HOLD,61,2.0333,1.4945,-83.5165,79.8242,45.3626,0.0000,1.6703,-83.6484,79.1648,45.0549,-0.0879,1.6706,-84.0697,77.8616,44.8034,-0.3080,0.2640,-0.6192,-2.2922,-0.7131,-0.3520,-0.0879,0.0659,0.3297,0.1538,0.0440,0.252443,-0.005749,0.030661,0.254788,-0.006473,0.035313,5.2606,2.8223
START_HOLD,62,2.0667,1.4945,-83.5165,79.8242,45.3626,0.0000,1.6703,-83.6484,79.1648,45.0549,-0.0879,1.6706,-84.0697,77.8616,44.8034,-0.3080,0.2640,-0.6192,-2.2922,-0.7131,-0.3520,-0.0879,0.0659,0.3297,0.1538,0.0440,0.252443,-0.005749,0.030661,0.254788,-0.006473,0.035313,5.2606,2.7424
START_HOLD,63,2.1000,1.4945,-83.5165,79.8242,45.3626,0.0000,1.6703,-83.6484,79.1648,45.0549,-0.0879,1.6706,-84.0697,77.8616,44.8034,-0.3080,0.2640,-0.6192,-2.2922,-0.7131,-0.3520,-0.0879,0.0659,0.3297,0.1538,0.0440,0.252443,-0.005749,0.030661,0.254788,-0.006473,0.035313,5.2606,2.7133
START_HOLD,64,2.1333,1.4945,-83.5165,79.8242,45.3626,0.0000,1.6703,-83.6484,79.1648,45.0549,-0.0879,1.6706,-84.0697,77.8616,44.8034,-0.3080,0.2640,-0.6192,-2.2922,-0.7131,-0.3520,-0.0879,0.0659,0.3297,0.1538,0.0440,0.252443,-0.005749,0.030661,0.254788,-0.006473,0.035313,5.2606,2.7954
START_HOLD,65,2.1667,1.4945,-83.5165,79.8242,45.3626,0.0000,1.6703,-83.6484,79.1648,45.0549,-0.0879,1.6706,-84.0697,77.8616,44.8034,-0.3080,0.2640,-0.6192,-2.2922,-0.7131,-0.3520,-0.0879,0.0659,0.3297,0.1538,0.0440,0.252443,-0.005749,0.030661,0.254788,-0.006473,0.035313,5.2606,2.7974
START_HOLD,66,2.2000,1.4945,-83.5165,79.8242,45.3626,0.0000,1.6703,-83.6484,79.1648,45.0549,-0.0879,1.6706,-84.0697,77.8616,44.8034,-0.3080,0.2640,-0.6192,-2.2922,-0.7131,-0.3520,-0.0879,0.0659,0.3297,0.1538,0.0440,0.252443,-0.005749,0.030661,0.254788,-0.006473,0.035313,5.2606,2.7433
START_HOLD,67,2.2333,1.4945,-83.5165,79.8242,45.3626,0.0000,1.6703,-83.6484,79.1648,45.0549,-0.0879,1.6706,-84.0697,77.8616,44.8034,-0.3080,0.2640,-0.6192,-2.2922,-0.7131,-0.3520,-0.0879,0.0659,0.3297,0.1538,0.0440,0.252443,-0.005749,0.030661,0.254788,-0.006473,0.035313,5.2606,2.8648
START_HOLD,68,2.2667,1.4945,-83.5165,79.8242,45.3626,0.0000,1.6703,-83.6484,79.1648,45.0549,-0.0879,1.6706,-84.0697,77.8616,44.8034,-0.3080,0.2640,-0.6192,-2.2922,-0.7131,-0.3520,-0.0879,0.0659,0.3297,0.1538,0.0440,0.252443,-0.005749,0.030661,0.254788,-0.006473,0.035313,5.2606,2.9401
START_HOLD,69,2.3000,1.4945,-83.5165,79.8242,45.3626,0.0000,1.6703,-83.6484,79.1648,45.0549,-0.0879,1.6706,-84.0697,77.8616,44.8034,-0.3080,0.2640,-0.6192,-2.2922,-0.7131,-0.3520,-0.0879,0.0659,0.3297,0.1538,0.0440,0.252443,-0.005749,0.030661,0.254788,-0.006473,0.035313,5.2606,2.7597
START_HOLD,70,2.3333,1.4945,-83.5165,79.8242,45.3626,0.0000,1.6703,-83.6484,79.1648,45.0549,-0.0879,1.6706,-84.0697,77.8616,44.8034,-0.3080,0.2640,-0.6192,-2.2922,-0.7131,-0.3520,-0.0879,0.0659,0.3297,0.1538,0.0440,0.252443,-0.005749,0.030661,0.254788,-0.006473,0.035313,5.2606,2.6840
START_HOLD,71,2.3667,1.4945,-83.5165,79.8242,45.3626,0.0000,1.6703,-83.6484,79.1648,45.0549,-0.0879,1.6706,-84.0697,77.8616,44.8034,-0.3080,0.2640,-0.6192,-2.2922,-0.7131,-0.3520,-0.0879,0.0659,0.3297,0.1538,0.0440,0.252443,-0.005749,0.030661,0.254788,-0.006473,0.035313,5.2606,2.6761
START_HOLD,72,2.4000,1.4945,-83.5165,79.8242,45.3626,0.0000,1.6703,-83.6484,79.1648,45.0549,-0.0879,1.6706,-84.0697,77.8616,44.8034,-0.3080,0.2640,-0.6192,-2.2922,-0.7131,-0.3520,-0.0879,0.0659,0.3297,0.1538,0.0440,0.252443,-0.005749,0.030661,0.254788,-0.006473,0.035313,5.2606,2.5698
START_HOLD,73,2.4333,1.4945,-83.5165,79.8242,45.3626,0.0000,1.6703,-83.6484,79.1648,45.0549,-0.0879,1.6706,-84.0697,77.8616,44.8034,-0.3080,0.2640,-0.6192,-2.2922,-0.7131,-0.3520,-0.0879,0.0659,0.3297,0.1538,0.0440,0.252443,-0.005749,0.030661,0.254788,-0.006473,0.035313,5.2606,2.8375
START_HOLD,74,2.4667,1.4945,-83.5165,79.8242,45.3626,0.0000,1.6703,-83.6484,79.1648,45.0549,-0.0879,1.6706,-84.0697,77.8616,44.8034,-0.3080,0.2640,-0.6192,-2.2922,-0.7131,-0.3520,-0.0879,0.0659,0.3297,0.1538,0.0440,0.252443,-0.005749,0.030661,0.254788,-0.006473,0.035313,5.2606,2.7677
START_HOLD,75,2.5000,1.4945,-83.5165,79.8242,45.3626,0.0000,1.6703,-83.6484,79.1648,45.0549,-0.0879,1.6706,-84.0697,77.8616,44.8034,-0.3080,0.2640,-0.6192,-2.2922,-0.7131,-0.3520,-0.0879,0.0659,0.3297,0.1538,0.0440,0.252443,-0.005749,0.030661,0.254788,-0.006473,0.035313,5.2606,2.7348
START_HOLD,76,2.5333,1.4945,-83.5165,79.8242,45.3626,0.0000,1.6703,-83.6484,79.1648,45.0549,-0.0879,1.6706,-84.0697,77.8616,44.8034,-0.3080,0.2640,-0.6192,-2.2922,-0.7131,-0.3520,-0.0879,0.0659,0.3297,0.1538,0.0440,0.252443,-0.005749,0.030661,0.254788,-0.006473,0.035313,5.2606,2.9180
START_HOLD,77,2.5667,1.4945,-83.5165,79.8242,45.3626,0.0000,1.6703,-83.6484,79.1648,45.0549,-0.0879,1.6706,-84.0697,77.8616,44.8034,-0.3080,0.2640,-0.6192,-2.2922,-0.7131,-0.3520,-0.0879,0.0659,0.3297,0.1538,0.0440,0.252443,-0.005749,0.030661,0.254788,-0.006473,0.035313,5.2606,2.7945
START_HOLD,78,2.6000,1.4945,-83.5165,79.8242,45.3626,0.0000,1.6703,-83.6484,79.1648,45.0549,-0.0879,1.6706,-84.0697,77.8616,44.8034,-0.3080,0.2640,-0.6192,-2.2922,-0.7131,-0.3520,-0.0879,0.0659,0.3297,0.1538,0.0440,0.252443,-0.005749,0.030661,0.254788,-0.006473,0.035313,5.2606,2.6820
START_HOLD,79,2.6333,1.4945,-83.5165,79.8242,45.3626,0.0000,1.6703,-83.6484,79.1648,45.0549,-0.0879,1.6706,-84.0697,77.8616,44.8034,-0.3080,0.2640,-0.6192,-2.2922,-0.7131,-0.3520,-0.0879,0.0659,0.3297,0.1538,0.0440,0.252443,-0.005749,0.030661,0.254788,-0.006473,0.035313,5.2606,2.7449
START_HOLD,80,2.6667,1.4945,-83.5165,79.8242,45.3626,0.0000,1.6703,-83.6484,79.1648,45.0549,-0.0879,1.6706,-84.0697,77.8616,44.8034,-0.3080,0.2640,-0.6192,-2.2922,-0.7131,-0.3520,-0.0879,0.0659,0.3297,0.1538,0.0440,0.252443,-0.005749,0.030661,0.254788,-0.006473,0.035313,5.2606,2.8078
START_HOLD,81,2.7000,1.4945,-83.5165,79.8242,45.3626,0.0000,1.6703,-83.6484,79.1648,45.0549,-0.0879,1.6706,-84.0697,77.8616,44.8034,-0.3080,0.2640,-0.6192,-2.2922,-0.7131,-0.3520,-0.0879,0.0659,0.3297,0.1538,0.0440,0.252443,-0.005749,0.030661,0.254788,-0.006473,0.035313,5.2606,2.6982
START_HOLD,82,2.7333,1.4945,-83.5165,79.8242,45.3626,0.0000,1.6703,-83.6484,79.1648,45.0549,-0.0879,1.6706,-84.0697,77.8616,44.8034,-0.3080,0.2640,-0.6192,-2.2922,-0.7131,-0.3520,-0.0879,0.0659,0.3297,0.1538,0.0440,0.252443,-0.005749,0.030661,0.254788,-0.006473,0.035313,5.2606,2.7763
START_HOLD,83,2.7667,1.4945,-83.5165,79.8242,45.3626,0.0000,1.6703,-83.6484,79.1648,45.0549,-0.0879,1.6706,-84.0697,77.8616,44.8034,-0.3080,0.2640,-0.6192,-2.2922,-0.7131,-0.3520,-0.0879,0.0659,0.3297,0.1538,0.0440,0.252443,-0.005749,0.030661,0.254788,-0.006473,0.035313,5.2606,2.7615
START_HOLD,84,2.8000,1.4945,-83.5165,79.8242,45.3626,0.0000,1.6703,-83.6484,79.1648,45.0549,-0.0879,1.6706,-84.0697,77.8616,44.8034,-0.3080,0.2640,-0.6192,-2.2922,-0.7131,-0.3520,-0.0879,0.0659,0.3297,0.1538,0.0440,0.252443,-0.005749,0.030661,0.254788,-0.006473,0.035313,5.2606,2.7357
START_HOLD,85,2.8333,1.4945,-83.5165,79.8242,45.3626,0.0000,1.6703,-83.6484,79.1648,45.0549,-0.0879,1.6706,-84.0697,77.8616,44.8034,-0.3080,0.2640,-0.6192,-2.2922,-0.7131,-0.3520,-0.0879,0.0659,0.3297,0.1538,0.0440,0.252443,-0.005749,0.030661,0.254788,-0.006473,0.035313,5.2606,2.8879
START_HOLD,86,2.8667,1.4945,-83.5165,79.8242,45.3626,0.0000,1.6703,-83.6484,79.1648,45.0549,-0.0879,1.6706,-84.0697,77.8616,44.8034,-0.3080,0.2640,-0.6192,-2.2922,-0.7131,-0.3520,-0.0879,0.0659,0.3297,0.1538,0.0440,0.252443,-0.005749,0.030661,0.254788,-0.006473,0.035313,5.2606,2.6798
START_HOLD,87,2.9000,1.4945,-83.5165,79.8242,45.3626,0.0000,1.6703,-83.6484,79.1648,45.0549,-0.0879,1.6706,-84.0697,77.8616,44.8034,-0.3080,0.2640,-0.6192,-2.2922,-0.7131,-0.3520,-0.0879,0.0659,0.3297,0.1538,0.0440,0.252443,-0.005749,0.030661,0.254788,-0.006473,0.035313,5.2606,2.7654
START_HOLD,88,2.9333,1.4945,-83.5165,79.8242,45.3626,0.0000,1.6703,-83.6484,79.1648,45.0549,-0.0879,1.6706,-84.0697,77.8616,44.8034,-0.3080,0.2640,-0.6192,-2.2922,-0.7131,-0.3520,-0.0879,0.0659,0.3297,0.1538,0.0440,0.252443,-0.005749,0.030661,0.254788,-0.006473,0.035313,5.2606,2.8788
START_HOLD,89,2.9667,1.4945,-83.5165,79.8242,45.3626,0.0000,1.6703,-83.6484,79.1648,45.0549,-0.0879,1.6706,-84.0697,77.8616,44.8034,-0.3080,0.2640,-0.6192,-2.2922,-0.7131,-0.3520,-0.0879,0.0659,0.3297,0.1538,0.0440,0.252443,-0.005749,0.030661,0.254788,-0.006473,0.035313,5.2606,2.8210
MOVE,90,3.0000,1.4945,-83.5165,79.8242,45.3626,0.0000,1.6703,-83.6484,79.1648,45.0549,-0.0879,1.6706,-84.0697,77.8616,44.8034,-0.3080,0.2640,-0.6192,-2.2922,-0.7131,-0.3520,-0.0879,0.0659,0.3297,0.1538,0.0440,0.252443,-0.005749,0.030661,0.254788,-0.006473,0.035313,5.2603,2.6708
MOVE,91,3.0333,1.4945,-83.5165,79.8242,45.3626,0.0000,1.6703,-83.6484,79.1648,45.0549,-0.0879,1.6706,-84.0697,77.8616,44.8034,-0.3080,0.2640,-0.6192,-2.2922,-0.7131,-0.3520,-0.0879,0.0659,0.3297,0.1538,0.0440,0.252448,-0.005749,0.030661,0.254788,-0.006473,0.035313,5.2583,2.9197
MOVE,92,3.0667,1.4945,-83.5165,79.8242,45.3626,0.0000,1.6703,-83.6484,79.1648,45.0549,-0.0879,1.6706,-84.0697,77.8616,44.8034,-0.3080,0.2640,-0.6192,-2.2922,-0.7131,-0.3520,-0.0879,0.0659,0.3297,0.1538,0.0440,0.252460,-0.005749,0.030661,0.254788,-0.006473,0.035313,5.2528,2.7615
MOVE,93,3.1000,1.4945,-83.5165,79.8242,45.3626,0.0000,1.6703,-83.6484,79.1648,45.0549,-0.0879,1.6706,-84.0697,77.8616,44.8034,-0.3080,0.2640,-0.6192,-2.2922,-0.7131,-0.3520,-0.0879,0.0659,0.3297,0.1538,0.0440,0.252484,-0.005749,0.030661,0.254788,-0.006473,0.035313,5.2425,2.7755
MOVE,94,3.1333,1.4945,-83.5165,79.8242,45.3626,0.0000,1.6703,-83.6484,79.1648,45.0549,-0.0879,1.6706,-84.0697,77.8616,44.8034,-0.3080,0.2640,-0.6192,-2.2922,-0.7131,-0.3520,-0.0879,0.0659,0.3297,0.1538,0.0440,0.252521,-0.005749,0.030661,0.254788,-0.006473,0.035313,5.2260,2.7732
MOVE,95,3.1667,1.4945,-83.5165,79.8242,45.3626,0.0000,1.6703,-83.6484,79.1648,45.0549,-0.0879,1.6706,-84.0697,77.8616,44.8034,-0.3080,0.2640,-0.6192,-2.2922,-0.7131,-0.3520,-0.0879,0.0659,0.3297,0.1538,0.0440,0.252576,-0.005749,0.030661,0.254788,-0.006473,0.035313,5.2024,2.8046
MOVE,96,3.2000,1.4945,-83.5165,79.8242,45.3626,0.0000,1.6703,-83.6484,79.1648,45.0549,-0.0879,1.6706,-84.0697,77.8616,44.8034,-0.3080,0.2640,-0.6192,-2.2922,-0.7131,-0.3520,-0.0879,0.0659,0.3297,0.1538,0.0440,0.252651,-0.005749,0.030661,0.254788,-0.006473,0.035313,5.1710,2.7603
MOVE,97,3.2333,1.4945,-83.5165,79.8242,45.3626,0.0000,1.6703,-83.6484,79.1648,45.0549,-0.0879,1.6706,-84.0697,77.8616,44.8034,-0.3080,0.2640,-0.6192,-2.2922,-0.7131,-0.3520,-0.0879,0.0659,0.3297,0.1538,0.0440,0.252749,-0.005749,0.030661,0.254788,-0.006473,0.035313,5.1315,2.6417
MOVE,98,3.2667,1.4945,-83.5165,79.8242,45.3626,0.0000,1.6703,-83.6484,79.1648,45.0549,-0.0879,1.6706,-84.0697,77.8616,44.8034,-0.3080,0.2640,-0.6192,-2.2922,-0.7131,-0.3520,-0.0879,0.0659,0.3297,0.1538,0.0440,0.252871,-0.005749,0.030661,0.254788,-0.006473,0.035313,5.0843,3.3357
MOVE,99,3.3000,1.4905,-82.9168,79.7096,44.8773,-0.0000,1.6703,-83.6484,79.1648,45.0549,-0.0879,1.6645,-83.1702,77.6897,44.0754,-0.3080,0.2640,-0.6192,-2.2922,-0.7131,-0.3520,-0.0899,0.3658,0.2724,-0.0888,0.0440,0.253019,-0.005749,0.030661,0.254788,-0.006473,0.035313,5.0301,2.7466
MOVE,100,3.3333,1.4905,-82.9168,79.7096,44.8773,-0.0000,1.6703,-83.6484,79.1648,45.0549,-0.0879,1.6645,-83.1702,77.6897,44.0754,-0.3080,0.2640,-0.6192,-2.2922,-0.7131,-0.3520,-0.0899,0.3658,0.2724,-0.0888,0.0440,0.253196,-0.005749,0.030661,0.254788,-0.006473,0.035313,4.9706,2.8747
MOVE,101,3.3667,1.4905,-82.9168,79.7096,44.8773,-0.0000,1.6703,-83.1209,79.1648,44.5275,-0.0879,1.6645,-83.4397,77.6880,44.3392,-0.3080,0.2640,-0.6250,-2.2939,-0.7131,-0.3520,-0.0899,0.1020,0.2724,0.1749,0.0440,0.253403,-0.005749,0.030661,0.255302,-0.006488,0.035078,4.8649,4.8747
MOVE,102,3.4000,1.4862,-82.2359,79.5758,44.3302,-0.0000,1.6703,-83.0330,79.1648,44.4396,-0.0879,1.6581,-82.4633,77.4871,43.5624,-0.3080,0.2640,-0.6259,-2.2942,-0.7131,-0.3520,-0.0921,0.3985,0.2055,-0.0547,0.0440,0.253642,-0.005749,0.030661,0.255388,-0.006491,0.035038,4.7712,2.7946
MOVE,103,3.4333,1.4862,-82.2359,79.5758,44.3302,-0.0000,1.6703,-83.0330,79.1648,44.4396,-0.0879,1.6581,-82.4633,77.4871,43.5624,-0.3080,0.2640,-0.6259,-2.2942,-0.7131,-0.3520,-0.0921,0.3985,0.2055,-0.0547,0.0440,0.253913,-0.005749,0.030661,0.255388,-0.006491,0.035038,4.6789,2.8246
MOVE,104,3.4667,1.4822,-81.6017,79.4481,43.8237,-0.0000,1.6703,-82.4176,79.1648,44.0879,-0.0879,1.6521,-81.8247,77.2957,42.9809,-0.3080,0.2640,-0.6309,-2.2939,-0.7107,-0.3520,-0.0941,0.4079,0.1416,-0.1321,0.0440,0.254217,-0.005749,0.030661,0.255351,-0.006490,0.034020,3.6226,2.6266
MOVE,105,3.5000,1.4822,-81.6017,79.4481,43.8237,-0.0000,1.6703,-82.2418,79.1648,43.9121,-0.0879,1.6521,-81.9145,77.2953,43.0688,-0.3080,0.2640,-0.6329,-2.2944,-0.7107,-0.3520,-0.0941,0.3200,0.1416,-0.0442,0.0440,0.254556,-0.005749,0.030661,0.255521,-0.006495,0.033939,3.4978,2.7213
MOVE,106,3.5333,1.4773,-80.8312,79.2900,43.2112,-0.0000,1.6703,-81.7143,79.1648,43.5604,-0.0879,1.6448,-81.0271,77.0582,42.3276,-0.3080,0.2640,-0.6375,-2.2944,-0.7091,-0.3520,-0.0965,0.4415,0.0626,-0.1746,0.0440,0.254930,-0.005749,0.030661,0.255606,-0.006497,0.033201,2.7337,2.8987
MOVE,107,3.5667,1.4773,-80.8312,79.2900,43.2112,-0.0000,1.6703,-81.7143,79.1648,43.4725,-0.0879,1.6448,-81.0277,77.0575,42.3707,-0.3080,0.2640,-0.6381,-2.2951,-0.7099,-0.3520,-0.0965,0.4415,0.0626,-0.1306,0.0440,0.255339,-0.005749,0.030661,0.255818,-0.006503,0.033446,2.9253,2.7226
MOVE,108,3.6000,1.4715,-79.9119,79.0964,42.4856,-0.0000,1.6703,-80.9231,79.1648,42.8571,-0.0879,1.6361,-80.0518,76.7667,41.5915,-0.3080,0.2640,-0.6455,-2.2954,-0.7083,-0.3520,-0.0994,0.5056,-0.0342,-0.1858,0.0440,0.255783,-0.005749,0.030661,0.256151,-0.006513,0.032577,2.0955,2.7425
MOVE,109,3.6333,1.4683,-79.3712,78.9781,42.0633,-0.0000,1.6703,-80.7473,79.0769,42.7692,-0.0879,1.6312,-79.3306,76.6330,41.0021,-0.3080,0.2640,-0.6473,-2.2956,-0.7083,-0.3520,-0.1010,0.6880,-0.0494,-0.3529,0.0440,0.256263,-0.005749,0.030661,0.256305,-0.006518,0.032697,2.1774,2.7515
MOVE,110,3.6667,1.4648,-78.8164,78.8561,41.6305,-0.0000,1.6703,-79.8681,78.9890,41.8901,-0.0879,1.6260,-78.9480,76.4919,40.7916,-0.3080,0.2640,-0.6574,-2.2977,-0.7091,-0.3520,-0.1028,0.5258,-0.0665,-0.1298,0.0440,0.256779,-0.005749,0.030661,0.257345,-0.006548,0.032711,2.2723,2.7160
MOVE,111,3.7000,1.4611,-78.2270,78.7242,41.1729,-0.0000,1.6703,-78.9011,78.6374,41.2747,-0.0879,1.6205,-78.5576,76.4691,40.4129,-0.3080,0.2640,-0.6676,-2.2986,-0.7091,-0.3520,-0.1046,0.3370,0.0434,-0.0509,0.0440,0.257330,-0.005749,0.030661,0.258229,-0.006574,0.033043,2.6770,2.7212
MOVE,112,3.7333,1.4572,-77.6027,78.5820,40.6909,-0.0000,1.6703,-78.8132,78.5495,41.2747,-0.0879,1.6146,-77.6660,76.2997,39.6898,-0.3080,0.2640,-0.6685,-2.2986,-0.7091,-0.3520,-0.1066,0.6052,0.0163,-0.2919,0.0440,0.257916,-0.005749,0.030661,0.258305,-0.006576,0.033204,2.7030,2.7979
MOVE,113,3.7667,1.4531,-76.9447,78.4292,40.1856,-0.0000,1.6703,-78.3736,78.5495,40.8352,-0.0879,1.6084,-76.9036,76.0700,39.1518,-0.3080,0.2640,-0.6734,-2.2991,-0.7091,-0.3520,-0.1086,0.7145,-0.0601,-0.3248,0.0440,0.258536,-0.005749,0.030661,0.258727,-0.006588,0.032974,2.4679,2.6878
MOVE,114,3.8000,1.4488,-76.2542,78.2656,39.6587,-0.0000,1.6703,-77.3187,78.3736,39.8681,-0.0879,1.6020,-76.4075,75.9111,38.8440,-0.3080,0.2640,-0.6856,-2.3005,-0.7099,-0.3520,-0.1108,0.5323,-0.0540,-0.1047,0.0440,0.259190,-0.005749,0.030661,0.259937,-0.006624,0.033065,2.6653,2.7819
MOVE,115,3.8333,1.4443,-75.5326,78.0911,39.1116,-0.0000,1.6703,-76.5275,77.9341,39.4286,-0.0879,1.5952,-75.7300,75.8682,38.2424,-0.3080,0.2640,-0.6948,-2.3014,-0.7107,-0.3520,-0.1130,0.4974,0.0785,-0.1585,0.0440,0.259877,-0.005749,0.030661,0.260891,-0.006651,0.033908,3.5198,2.8320
MOVE,116,3.8667,1.4396,-74.7816,77.9055,38.5462,-0.0000,1.6703,-76.2637,77.9341,39.3407,-0.0879,1.5882,-74.7371,75.5912,37.4398,-0.3080,0.2640,-0.6966,-2.3000,-0.7091,-0.3520,-0.1154,0.7411,-0.0143,-0.3973,0.0440,0.260597,-0.005749,0.030661,0.260721,-0.006646,0.033271,2.7630,2.7754
MOVE,117,3.9000,1.4347,-74.0028,77.7088,37.9641,-0.0000,1.6703,-75.3846,77.7582,38.5495,-0.0879,1.5809,-74.0190,75.3833,36.9615,-0.3080,0.2640,-0.7071,-2.3008,-0.7099,-0.3520,-0.1178,0.6909,-0.0247,-0.2927,0.0440,0.261347,-0.005749,0.030661,0.261778,-0.006677,0.033428,2.9502,2.8602
MOVE,118,3.9333,1.4297,-73.1983,77.5010,37.3674,-0.0000,1.6703,-74.3297,77.5824,37.6703,-0.0879,1.5734,-73.3516,75.1598,36.5060,-0.3080,0.2640,-0.7190,-2.3005,-0.7099,-0.3520,-0.1203,0.5657,-0.0407,-0.1515,0.0440,0.262127,-0.005749,0.030661,0.262794,-0.006707,0.033222,2.8152,2.8867
MOVE,119,3.9667,1.4246,-72.3699,77.2821,36.7579,-0.0000,1.6703,-73.8022,77.5824,37.1429,-0.0879,1.5657,-72.3787,74.8318,35.8555,-0.3080,0.2640,-0.7250,-2.3002,-0.7099,-0.3520,-0.1229,0.7161,-0.1502,-0.1925,0.0440,0.262936,-0.005749,0.030661,0.263298,-0.006722,0.032906,2.4733,2.7173
MOVE,120,4.0000,1.4193,-71.5198,77.0521,36.1378,-0.0000,1.6703,-73.0110,77.3187,36.8791,-0.0879,1.5577,-71.5065,74.6213,35.0596,-0.3080,0.2640,-0.7323,-2.2975,-0.7075,-0.3520,-0.1255,0.7456,-0.1333,-0.3707,0.0440,0.263773,-0.005749,0.030661,0.263434,-0.006725,0.032310,1.9465,2.8294
MOVE,121,4.0333,1.4138,-70.6500,76.8112,35.5089,-0.0000,1.6703,-71.8681,77.0549,36.1758,-0.0879,1.5496,-70.7853,74.3943,34.4696,-0.3080,0.2640,-0.7444,-2.2950,-0.7059,-0.3520,-0.1282,0.6091,-0.1219,-0.3334,0.0440,0.264635,-0.005749,0.030661,0.264125,-0.006746,0.031726,1.5457,2.8959
MOVE,122,4.0667,1.4083,-69.7629,76.5595,34.8735,-0.0000,1.6703,-71.0769,76.7033,35.2967,-0.0879,1.5413,-69.8627,74.1899,33.9520,-0.3080,0.2640,-0.7568,-2.2978,-0.7099,-0.3520,-0.1310,0.6570,-0.0719,-0.2116,0.0440,0.265523,-0.005749,0.030661,0.265992,-0.006800,0.033263,2.8455,2.6524
MOVE,123,4.1000,1.4027,-68.8607,76.2973,34.2335,-0.0000,1.6703,-70.4615,76.5275,34.7692,-0.0879,1.5329,-68.8250,73.8846,33.2549,-0.3080,0.2640,-0.7648,-2.2976,-0.7107,-0.3520,-0.1338,0.8004,-0.1151,-0.2679,0.0440,0.266433,-0.005749,0.030661,0.266820,-0.006824,0.033517,3.0762,2.8101
MOVE,124,4.1333,1.3970,-67.9456,76.0248,33.5909,-0.0000,1.6703,-69.5824,76.2637,34.2418,-0.0879,1.5243,-67.9020,73.6098,32.5556,-0.3080,0.2640,-0.7748,-2.2956,-0.7099,-0.3520,-0.1367,0.8184,-0.1195,-0.3254,0.0440,0.267364,-0.005749,0.030661,0.267497,-0.006844,0.033302,2.8625,2.7016
MOVE,125,4.1667,1.3912,-67.0201,75.7424,32.9478,-0.0000,1.6703,-68.3516,75.7363,33.4505,-0.0879,1.5156,-67.1450,73.4509,31.9857,-0.3080,0.2640,-0.7907,-2.2945,-0.7107,-0.3520,-0.1396,0.6658,0.0031,-0.2514,0.0440,0.268315,-0.005749,0.030661,0.268998,-0.006888,0.033937,3.5351,2.6690
MOVE,126,4.2000,1.3853,-66.0863,75.4504,32.3060,-0.0000,1.6703,-67.4725,75.4725,32.8352,-0.0879,1.5068,-66.1948,73.1466,31.3307,-0.3080,0.2640,-0.8016,-2.2928,-0.7107,-0.3520,-0.1425,0.6931,-0.0110,-0.2646,0.0440,0.269283,-0.005749,0.030661,0.269907,-0.006914,0.033932,3.5286,2.7231
MOVE,127,4.2333,1.3795,-65.1466,75.1494,31.6674,-0.0000,1.6703,-66.7692,75.4725,32.3077,-0.0879,1.4980,-65.1440,72.6986,30.6382,-0.3080,0.2640,-0.8086,-2.2892,-0.7091,-0.3520,-0.1454,0.8113,-0.1616,-0.3201,0.0440,0.270268,-0.005749,0.030661,0.270159,-0.006922,0.032935,2.5610,2.7942
MOVE,128,4.2667,1.3735,-64.2033,74.8397,31.0338,-0.0000,1.6703,-65.8022,75.3846,31.6044,-0.0879,1.4891,-64.2228,72.2825,30.0411,-0.3080,0.2640,-0.8189,-2.2847,-0.7075,-0.3520,-0.1484,0.7994,-0.2725,-0.2853,0.0440,0.271266,-0.005749,0.030661,0.270679,-0.006937,0.031940,1.8417,2.6934
MOVE,129,4.3000,1.3676,-63.2586,74.5219,30.4069,-0.0000,1.6703,-64.6593,75.0330,30.9890,-0.0879,1.4802,-63.3904,71.9862,29.4099,-0.3080,0.2640,-0.8322,-2.2801,-0.7059,-0.3520,-0.1514,0.7004,-0.2556,-0.2911,0.0440,0.272277,-0.005749,0.030661,0.271447,-0.006959,0.031411,1.6478,2.8689
MOVE,130,4.3333,1.3616,-62.3145,74.1966,29.7881,-0.0000,1.6703,-63.7802,74.5055,30.4615,-0.0879,1.4713,-62.4273,71.7621,28.7440,-0.3080,0.2640,-0.8456,-2.2800,-0.7075,-0.3520,-0.1543,0.7328,-0.1545,-0.3367,0.0440,0.273298,-0.005749,0.030661,0.272892,-0.007001,0.032446,2.2184,2.8714
MOVE,131,4.3667,1.3557,-61.3733,73.8644,29.1791,-0.0000,1.6703,-62.9890,74.2418,29.7582,-0.0879,1.4624,-61.4226,71.3967,28.1805,-0.3080,0.2640,-0.8571,-2.2790,-0.7091,-0.3520,-0.1573,0.8078,-0.1887,-0.2896,0.0440,0.274327,-0.005749,0.030661,0.274170,-0.007038,0.032923,2.6085,2.7970
MOVE,132,4.4000,1.3498,-60.4370,73.5260,28.5812,-0.0000,1.6703,-61.9341,73.8022,29.0549,-0.0879,1.4535,-60.5603,71.1111,27.6344,-0.3080,0.2640,-0.8719,-2.2768,-0.7099,-0.3520,-0.1603,0.7485,-0.1381,-0.2369,0.0440,0.275362,-0.005749,0.030661,0.275561,-0.007079,0.033336,2.9944,2.8525
MOVE,133,4.4333,1.3439,-59.5074,73.1821,27.9955,-0.0000,1.6703,-61.0549,73.1868,28.4396,-0.0879,1.4446,-59.6210,70.9015,27.0603,-0.3080,0.2640,-0.8874,-2.2782,-0.7131,-0.3520,-0.1632,0.7738,-0.0024,-0.2221,0.0440,0.276401,-0.005749,0.030661,0.277502,-0.007136,0.035018,4.7033,2.8711
MOVE,134,4.4667,1.3380,-58.5864,72.8335,27.4232,-0.0000,1.6703,-60.1758,73.0110,27.8242,-0.0879,1.4358,-58.6899,70.4709,26.5104,-0.3080,0.2640,-0.8981,-2.2738,-0.7123,-0.3520,-0.1662,0.7947,-0.0888,-0.2005,0.0440,0.277443,-0.005749,0.030661,0.278217,-0.007156,0.034436,4.1028,2.7246
MOVE,135,4.5000,1.3322,-57.6759,72.4808,26.8653,-0.0000,1.6703,-59.2088,72.8352,27.2967,-0.0879,1.4271,-57.8183,70.0364,25.9396,-0.3080,0.2640,-0.9088,-2.2673,-0.7099,-0.3520,-0.1691,0.7664,-0.1772,-0.2157,0.0440,0.278484,-0.005749,0.030661,0.278592,-0.007167,0.033272,2.9738,2.8215
MOVE,136,4.5333,1.3264,-56.7775,72.1251,26.3226,-0.0000,1.6703,-58.2418,72.4835,26.8571,-0.0879,1.4185,-56.9664,69.6837,25.3471,-0.3080,0.2640,-0.9210,-2.2622,-0.7083,-0.3520,-0.1719,0.7321,-0.1792,-0.2673,0.0440,0.279523,-0.005749,0.030661,0.279263,-0.007187,0.032742,2.5433,2.8450
MOVE,137,4.5667,1.3208,-55.8927,71.7669,25.7960,-0.0000,1.6703,-57.4505,72.1319,26.3297,-0.0879,1.4100,-56.0363,69.3243,24.8200,-0.3080,0.2640,-0.9225,-2.2601,-0.7091,-0.3520,-0.1748,0.7789,-0.1825,-0.2668,0.0440,0.280558,-0.005749,0.030661,0.280410,-0.007220,0.033085,2.8395,2.6132
MOVE,138,4.6000,1.3152,-55.0231,71.4073,25.2860,-0.0000,1.6703,-56.5714,71.8681,25.7143,-0.0879,1.4016,-55.1714,68.9208,24.3627,-0.3080,0.2640,-0.9225,-2.2561,-0.7091,-0.3520,-0.1776,0.7742,-0.2304,-0.2141,0.0440,0.281587,-0.005749,0.030661,0.281389,-0.007249,0.032885,2.6905,2.8105
MOVE,139,4.6333,1.3097,-54.1700,71.0471,24.7932,-0.0000,1.6703,-55.6044,71.4286,25.0989,-0.0879,1.3933,-54.3753,68.6031,23.9304,-0.3080,0.2640,-0.9225,-2.2532,-0.7099,-0.3520,-0.1803,0.7172,-0.1908,-0.1529,0.0440,0.282608,-0.005749,0.030661,0.282766,-0.007289,0.033234,3.0030,2.7246
MOVE,140,4.6667,1.3043,-53.3348,70.6870,24.3180,-0.0000,1.5824,-54.8132,70.7253,24.7473,-0.0879,1.4292,-53.5181,68.4132,23.3910,-0.3080,0.2640,-0.9225,-2.2547,-0.7123,-0.3520,-0.1391,0.7392,-0.0191,-0.2146,0.0440,0.283619,-0.005749,0.030661,0.284567,-0.006964,0.034824,4.4396,2.7324
MOVE,141,4.7000,1.2990,-52.5186,70.3282,23.8606,-0.0000,1.4945,-54.0220,70.2857,24.2198,-0.0879,1.4652,-52.6894,68.0958,22.9672,-0.3080,0.2640,-0.9225,-2.2536,-0.7139,-0.3520,-0.0978,0.7517,0.0212,-0.1796,0.0440,0.284617,-0.005749,0.030661,0.286018,-0.006625,0.035551,5.1620,2.8070
MOVE,142,4.7333,1.2938,-51.7225,69.9713,23.4215,-0.0000,1.4066,-53.1429,70.1978,23.6044,-0.0879,1.5014,-51.9349,67.6116,22.6177,-0.3080,0.2640,-0.9225,-2.2464,-0.7123,-0.3520,-0.0564,0.7102,-0.1133,-0.0915,0.0440,0.285602,-0.005749,0.030661,0.286512,-0.006257,0.034389,3.8712,2.7591
MOVE,143,4.7667,1.2887,-50.9476,69.6173,23.0006,-0.0000,1.3187,-52.2637,69.9341,23.2527,-0.0879,1.5378,-51.2121,67.2193,22.1646,-0.3080,0.2640,-0.9225,-2.2395,-0.7099,-0.3520,-0.0150,0.6581,-0.1584,-0.1261,0.0440,0.286571,-0.005749,0.030661,0.286896,-0.005886,0.033367,2.7295,2.7074
MOVE,144,4.8000,1.2838,-50.1948,69.2671,22.5980,-0.0000,1.3187,-51.4725,69.4066,22.9890,-0.0879,1.5304,-50.4784,66.9598,21.6925,-0.3080,0.2640,-0.9225,-2.2375,-0.7099,-0.3520,-0.0174,0.6389,-0.0698,-0.1955,0.0440,0.287521,-0.005749,0.030661,0.287993,-0.005911,0.033753,3.1319,2.8429
MOVE,145,4.8333,1.2790,-49.4649,68.9215,22.2137,-0.0000,1.3187,-50.8571,69.3187,22.6374,-0.0879,1.5232,-49.6913,66.4911,21.2935,-0.3080,0.2640,-0.9225,-2.2318,-0.7083,-0.3520,-0.0198,0.6961,-0.1986,-0.2118,0.0440,0.288453,-0.005749,0.030661,0.288218,-0.005916,0.032822,2.1808,3.0900
MOVE,146,4.8667,1.2744,-48.7587,68.5814,21.8476,-0.0000,1.3187,-50.0659,69.0549,22.1099,-0.0879,1.5162,-49.0276,66.1172,21.0081,-0.3080,0.2640,-0.9225,-2.2274,-0.7083,-0.3520,-0.0221,0.6536,-0.2368,-0.1312,0.0440,0.289363,-0.005749,0.030661,0.289152,-0.005938,0.032583,1.9435,2.9524
MOVE,147,4.9000,1.2699,-48.0769,68.2476,21.4996,-0.0000,1.3187,-49.2747,68.2637,21.6703,-0.0879,1.5095,-48.4005,66.0087,20.7019,-0.3080,0.2640,-0.9225,-2.2308,-0.7123,-0.3520,-0.0244,0.5989,-0.0081,-0.0854,0.0440,0.290250,-0.005749,0.030661,0.291512,-0.005992,0.034743,4.2797,5.6339
MOVE,148,4.9333,1.2656,-47.4200,67.9209,21.1694,-0.0000,1.3187,-48.6593,67.8242,21.3187,-0.0879,1.5030,-47.7229,65.7386,20.3808,-0.3080,0.2640,-0.9225,-2.2307,-0.7139,-0.3520,-0.0266,0.6197,0.0484,-0.0747,0.0440,0.291112,-0.005749,0.030661,0.292833,-0.006023,0.035553,5.1934,2.8640
MOVE,149,4.9667,1.2614,-46.7887,67.6022,20.8568,-0.0000,1.3187,-48.1319,67.7363,20.9670,-0.0879,1.4967,-47.0396,65.3089,20.0885,-0.3080,0.2640,-0.9225,-2.2262,-0.7131,-0.3520,-0.0287,0.6716,-0.0671,-0.0551,0.0440,0.291949,-0.005749,0.030661,0.293198,-0.006031,0.034921,4.4486,2.8507
MOVE,150,5.0000,1.2574,-46.1833,67.2921,20.5615,-0.0000,1.3187,-47.3407,67.4725,20.7033,-0.0879,1.4907,-46.5271,64.9824,19.7799,-0.3080,0.2640,-0.9225,-2.2194,-0.7107,-0.3520,-0.0307,0.5787,-0.0902,-0.0709,0.0440,0.292758,-0.005749,0.030661,0.293518,-0.006038,0.033890,3.3308,2.9439
MOVE,151,5.0333,1.2535,-45.6042,66.9913,20.2831,-0.0000,1.3187,-46.6374,67.0330,20.6154,-0.0879,1.4849,-46.0101,64.7549,19.4079,-0.3080,0.2640,-0.9225,-2.2156,-0.7091,-0.3520,-0.0326,0.5166,-0.0208,-0.1661,0.0440,0.293538,-0.005749,0.030661,0.294095,-0.006052,0.033586,2.9934,2.8526
MOVE,152,5.0667,1.2498,-45.0518,66.7007,20.0214,-0.0000,1.3187,-46.0220,67.0330,20.1758,-0.0879,1.4794,-45.4892,64.3260,19.2367,-0.3080,0.2640,-0.9225,-2.2084,-0.7075,-0.3520,-0.0344,0.4851,-0.1662,-0.0772,0.0440,0.294289,-0.005749,0.030661,0.294262,-0.006055,0.032390,1.7563,2.8522
MOVE,153,5.1000,1.2463,-44.5263,66.4206,19.7759,-0.0000,1.3187,-45.5824,66.9451,19.9121,-0.0879,1.4741,-44.9207,63.9541,19.0011,-0.3080,0.2640,-0.9225,-2.2044,-0.7067,-0.3520,-0.0362,0.5281,-0.2622,-0.0681,0.0440,0.295008,-0.005749,0.030661,0.294535,-0.006062,0.031832,1.3015,2.8646
MOVE,154,5.1333,1.2430,-44.0278,66.1519,19.5462,-0.0000,1.3187,-45.0549,66.5055,19.7363,-0.0879,1.4691,-44.4367,63.7709,18.7436,-0.3080,0.2640,-0.9225,-2.2042,-0.7075,-0.3520,-0.0378,0.5136,-0.1768,-0.0951,0.0440,0.295695,-0.005749,0.030661,0.295592,-0.006086,0.032436,1.8097,3.9508
MOVE,155,5.1667,1.2398,-43.5565,65.8950,19.3318,-0.0000,1.3187,-44.5275,65.8901,19.3846,-0.0879,1.4644,-43.9935,63.6888,18.5939,-0.3080,0.2640,-0.9225,-2.2086,-0.7115,-0.3520,-0.0394,0.4855,0.0024,-0.0264,0.0440,0.296349,-0.005749,0.030661,0.297638,-0.006133,0.034401,3.9753,2.8546
MOVE,156,5.2000,1.2369,-43.1124,65.6503,19.1324,-0.0000,1.3187,-44.0879,65.5385,19.1209,-0.0879,1.4599,-43.5471,63.4971,18.4250,-0.3080,0.2640,-0.9225,-2.2091,-0.7131,-0.3520,-0.0409,0.4878,0.0559,0.0057,0.0440,0.296969,-0.005749,0.030661,0.298760,-0.006159,0.035147,4.8476,2.7804
MOVE,157,5.2333,1.2341,-42.6955,65.4184,18.9474,-0.0000,1.3187,-43.6484,65.4505,19.1209,-0.0879,1.4558,-43.1416,63.1994,18.1508,-0.3080,0.2640,-0.9225,-2.2029,-0.7099,-0.3520,-0.0423,0.4764,-0.0161,-0.0867,0.0440,0.297555,-0.005749,0.030661,0.298410,-0.006151,0.033827,3.3047,2.9464
MOVE,158,5.2667,1.2314,-42.3056,65.1995,18.7765,-0.0000,1.3187,-43.1209,65.2747,18.7692,-0.0879,1.4518,-42.8205,62.9625,18.0702,-0.3080,0.2640,-0.9225,-2.1994,-0.7099,-0.3520,-0.0436,0.4076,-0.0376,0.0036,0.0440,0.298106,-0.005749,0.030661,0.299060,-0.006166,0.033572,3.0920,2.6948
MOVE,159,5.3000,1.2290,-41.9427,64.9939,18.6191,-0.0000,1.3187,-42.6813,65.0989,18.5934,-0.0879,1.4482,-42.4959,62.7454,17.9228,-0.3080,0.2640,-0.9225,-2.1960,-0.7091,-0.3520,-0.0448,0.3693,-0.0525,0.0128,0.0440,0.298622,-0.005749,0.030661,0.299413,-0.006174,0.033174,2.6695,2.7879
MOVE,160,5.3333,1.2290,-41.9427,64.9939,18.6191,-0.0000,1.3187,-42.4176,65.0989,18.5934,-0.0879,1.4482,-42.6278,62.7502,17.9253,-0.3080,0.2640,-0.9225,-2.1912,-0.7067,-0.3520,-0.0448,0.2374,-0.0525,0.0128,0.0440,0.299102,-0.005749,0.030661,0.299027,-0.006165,0.032115,1.5151,2.8230
MOVE,161,5.3667,1.2246,-41.3027,64.6278,18.3451,-0.0000,1.3187,-42.1538,65.0989,18.5934,-0.0879,1.4416,-41.7996,62.2059,17.5167,-0.3080,0.2640,-0.9225,-2.1864,-0.7042,-0.3520,-0.0470,0.4256,-0.2355,-0.1242,0.0440,0.299547,-0.005749,0.030661,0.298636,-0.006156,0.031058,1.0741,2.7172
MOVE,162,5.4000,1.2246,-41.3027,64.6278,18.3451,-0.0000,1.3187,-42.0659,64.8352,18.5934,-0.0879,1.4416,-41.8435,62.3346,17.5151,-0.3080,0.2640,-0.9225,-2.1896,-0.7059,-0.3520,-0.0470,0.3816,-0.1037,-0.1242,0.0440,0.299956,-0.005749,0.030661,0.299367,-0.006173,0.032015,1.5366,2.8169
MOVE,163,5.4333,1.2210,-40.7595,64.3122,18.1175,-0.0000,1.3187,-41.4505,64.3077,18.0659,-0.0879,1.4361,-41.3365,62.1223,17.4334,-0.3080,0.2640,-0.9225,-2.1922,-0.7099,-0.3520,-0.0489,0.3455,0.0023,0.0258,0.0440,0.300329,-0.005749,0.030661,0.301462,-0.006221,0.033622,3.2056,2.7921
MOVE,164,5.4667,1.2210,-40.7595,64.3122,18.1175,-0.0000,1.3187,-41.3626,63.9560,17.9780,-0.0879,1.4361,-41.3804,62.2926,17.4742,-0.3080,0.2640,-0.9225,-2.1977,-0.7131,-0.3520,-0.0489,0.3016,0.1781,0.0698,0.0440,0.300668,-0.005749,0.030661,0.302683,-0.006249,0.035268,5.0532,2.7000
MOVE,165,5.5000,1.2180,-40.3157,64.0515,17.9345,-0.0000,1.3187,-41.0989,63.8681,17.9780,-0.0879,1.4316,-40.8466,61.9487,17.2012,-0.3080,0.2640,-0.9225,-2.1945,-0.7115,-0.3520,-0.0503,0.3916,0.0917,-0.0218,0.0440,0.300972,-0.005749,0.030661,0.302590,-0.006247,0.034633,4.3178,2.6526
MOVE,166,5.5333,1.2180,-40.3157,64.0515,17.9345,-0.0000,1.3187,-41.0989,63.7802,17.8901,-0.0879,1.4316,-40.8466,61.9904,17.2436,-0.3080,0.2640,-0.9225,-2.1968,-0.7131,-0.3520,-0.0503,0.3916,0.1356,0.0222,0.0440,0.301243,-0.005749,0.030661,0.303085,-0.006259,0.035318,5.0342,2.8655
MOVE,167,5.5667,1.2156,-39.9659,63.8442,17.7920,-0.0000,1.3187,-40.5714,63.6923,17.7143,-0.0879,1.4281,-40.5856,61.7301,17.1201,-0.3080,0.2640,-0.9225,-2.1901,-0.7107,-0.3520,-0.0515,0.3028,0.0760,0.0388,0.0440,0.301482,-0.005749,0.030661,0.303038,-0.006257,0.034095,3.8048,2.8001
MOVE,168,5.6000,1.2156,-39.9659,63.8442,17.7920,-0.0000,1.3187,-40.3956,63.6923,17.7143,-0.0879,1.4281,-40.6735,61.7333,17.1217,-0.3080,0.2640,-0.9225,-2.1869,-0.7091,-0.3520,-0.0515,0.2149,0.0760,0.0388,0.0440,0.301689,-0.005749,0.030661,0.302784,-0.006252,0.033378,2.9724,2.8129
MOVE,169,5.6333,1.2156,-39.9659,63.8442,17.7920,-0.0000,1.3187,-40.3077,63.6923,17.7143,-0.0879,1.4281,-40.7175,61.7349,17.1225,-0.3080,0.2640,-0.9225,-2.1852,-0.7083,-0.3520,-0.0515,0.1709,0.0760,0.0388,0.0440,0.301866,-0.005749,0.030661,0.302656,-0.006249,0.033019,2.5373,2.8109
MOVE,170,5.6667,1.2132,-39.6039,63.6281,17.6461,-0.0000,1.3187,-40.3077,63.6923,17.7143,-0.0879,1.4244,-40.1746,61.4108,16.9037,-0.3080,0.2640,-0.9225,-2.1852,-0.7083,-0.3520,-0.0528,0.3519,-0.0321,-0.0341,0.0440,0.302015,-0.005749,0.030661,0.302656,-0.006249,0.033019,2.4951,2.8156
MOVE,171,5.7000,1.2132,-39.6039,63.6281,17.6461,-0.0000,1.3187,-40.3077,63.5165,17.6264,-0.0879,1.4244,-40.1746,61.4947,16.9453,-0.3080,0.2640,-0.9225,-2.1892,-0.7107,-0.3520,-0.0528,0.3519,0.0558,0.0099,0.0440,0.302137,-0.005749,0.030661,0.303442,-0.006267,0.034140,3.7518,5.6273
MOVE,172,5.7333,1.2132,-39.6039,63.6281,17.6461,-0.0000,1.3187,-39.8681,63.2527,17.3626,-0.0879,1.4244,-40.3943,61.6278,17.0763,-0.3080,0.2640,-0.9225,-2.1880,-0.7115,-0.3520,-0.0528,0.1321,0.1877,0.1417,0.0440,0.302234,-0.005749,0.030661,0.304303,-0.006287,0.034390,4.2989,2.8543
MOVE,173,5.7667,1.2132,-39.6039,63.6281,17.6461,-0.0000,1.3187,-39.7802,63.1648,17.3626,-0.0879,1.4244,-40.4383,61.6717,17.0763,-0.3080,0.2640,-0.9225,-2.1880,-0.7115,-0.3520,-0.0528,0.0881,0.2316,0.1417,0.0440,0.302309,-0.005749,0.030661,0.304463,-0.006290,0.034468,4.4079,2.7312
MOVE,174,5.8000,1.2132,-39.6039,63.6281,17.6461,-0.0000,1.3187,-39.7802,63.2527,17.3626,-0.0879,1.4244,-40.4383,61.6294,17.0771,-0.3080,0.2640,-0.9225,-2.1864,-0.7107,-0.3520,-0.0528,0.0881,0.1877,0.1417,0.0440,0.302364,-0.005749,0.030661,0.304177,-0.006284,0.034030,3.8629,4.0422
MOVE,175,5.8333,1.2132,-39.6039,63.6281,17.6461,-0.0000,1.3187,-39.7802,63.2527,17.3626,-0.0879,1.4244,-40.4383,61.6294,17.0771,-0.3080,0.2640,-0.9225,-2.1864,-0.7107,-0.3520,-0.0528,0.0881,0.1877,0.1417,0.0440,0.302402,-0.005749,0.030661,0.304177,-0.006284,0.034030,3.8454,2.6229
MOVE,176,5.8667,1.2132,-39.6039,63.6281,17.6461,-0.0000,1.3187,-39.6923,63.2527,17.3626,-0.0879,1.4244,-40.4823,61.6310,17.0779,-0.3080,0.2640,-0.9225,-2.1848,-0.7099,-0.3520,-0.0528,0.0442,0.1877,0.1417,0.0440,0.302425,-0.005749,0.030661,0.304050,-0.006281,0.033669,3.4603,2.7345
MOVE,177,5.9000,1.2132,-39.6039,63.6281,17.6461,-0.0000,1.3187,-39.6923,63.2527,17.3626,-0.0879,1.4244,-40.4823,61.6310,17.0779,-0.3080,0.2640,-0.9225,-2.1848,-0.7099,-0.3520,-0.0528,0.0442,0.1877,0.1417,0.0440,0.302437,-0.005749,0.030661,0.304050,-0.006281,0.033669,3.4545,2.9613
MOVE,178,5.9333,1.2132,-39.6039,63.6281,17.6461,-0.0000,1.3187,-39.6923,63.2527,17.3626,-0.0879,1.4244,-40.4823,61.6310,17.0779,-0.3080,0.2640,-0.9225,-2.1848,-0.7099,-0.3520,-0.0528,0.0442,0.1877,0.1417,0.0440,0.302442,-0.005749,0.030661,0.304050,-0.006281,0.033669,3.4524,2.7784
MOVE,179,5.9667,1.2132,-39.6039,63.6281,17.6461,-0.0000,1.3187,-39.7802,63.2527,17.3626,-0.0879,1.4244,-40.4383,61.6294,17.0771,-0.3080,0.2640,-0.9225,-2.1864,-0.7107,-0.3520,-0.0528,0.0881,0.1877,0.1417,0.0440,0.302443,-0.005749,0.030661,0.304177,-0.006284,0.034030,3.8266,2.7197
FINAL_HOLD,180,6.0000,1.2132,-39.6039,63.6281,17.6461,-0.0000,1.2308,-39.7802,63.2527,17.3626,-0.0879,1.4684,-40.4383,61.6294,17.0771,-0.3080,0.2640,-0.9225,-2.1864,-0.7107,-0.3520,-0.0088,0.0881,0.1877,0.1417,0.0440,0.302443,-0.005749,0.030661,0.304186,-0.005877,0.034030,3.7955,2.6752
FINAL_HOLD,181,6.0333,1.2132,-39.6039,63.6281,17.6461,-0.0000,1.2308,-39.7802,63.2527,17.3626,-0.0879,1.4684,-40.4383,61.6294,17.0771,-0.3080,0.2640,-0.9225,-2.1864,-0.7107,-0.3520,-0.0088,0.0881,0.1877,0.1417,0.0440,0.302443,-0.005749,0.030661,0.304186,-0.005877,0.034030,3.7955,2.8157
FINAL_HOLD,182,6.0667,1.2132,-39.6039,63.6281,17.6461,-0.0000,1.2308,-39.7802,63.2527,17.3626,-0.0879,1.4684,-40.4383,61.6294,17.0771,-0.3080,0.2640,-0.9225,-2.1864,-0.7107,-0.3520,-0.0088,0.0881,0.1877,0.1417,0.0440,0.302443,-0.005749,0.030661,0.304186,-0.005877,0.034030,3.7955,2.6375
FINAL_HOLD,183,6.1000,1.2132,-39.6039,63.6281,17.6461,-0.0000,1.2308,-39.7802,63.2527,17.3626,-0.0879,1.4684,-40.4383,61.6294,17.0771,-0.3080,0.2640,-0.9225,-2.1864,-0.7107,-0.3520,-0.0088,0.0881,0.1877,0.1417,0.0440,0.302443,-0.005749,0.030661,0.304186,-0.005877,0.034030,3.7955,2.7460
FINAL_HOLD,184,6.1333,1.2132,-39.6039,63.6281,17.6461,-0.0000,1.2308,-39.7802,63.2527,17.3626,-0.0879,1.4684,-40.4383,61.6294,17.0771,-0.3080,0.2640,-0.9225,-2.1864,-0.7107,-0.3520,-0.0088,0.0881,0.1877,0.1417,0.0440,0.302443,-0.005749,0.030661,0.304186,-0.005877,0.034030,3.7955,2.8034
FINAL_HOLD,185,6.1667,1.2132,-39.6039,63.6281,17.6461,-0.0000,1.2308,-39.7802,63.2527,17.3626,-0.0879,1.4684,-40.4383,61.6294,17.0771,-0.3080,0.2640,-0.9225,-2.1864,-0.7107,-0.3520,-0.0088,0.0881,0.1877,0.1417,0.0440,0.302443,-0.005749,0.030661,0.304186,-0.005877,0.034030,3.7955,2.6347
FINAL_HOLD,186,6.2000,1.2132,-39.6039,63.6281,17.6461,-0.0000,1.2308,-39.7802,63.2527,17.3626,-0.0879,1.4684,-40.4383,61.6294,17.0771,-0.3080,0.2640,-0.9225,-2.1864,-0.7107,-0.3520,-0.0088,0.0881,0.1877,0.1417,0.0440,0.302443,-0.005749,0.030661,0.304186,-0.005877,0.034030,3.7955,2.6732
FINAL_HOLD,187,6.2333,1.2132,-39.6039,63.6281,17.6461,-0.0000,1.2308,-39.7802,63.2527,17.3626,-0.0879,1.4684,-40.4383,61.6294,17.0771,-0.3080,0.2640,-0.9225,-2.1864,-0.7107,-0.3520,-0.0088,0.0881,0.1877,0.1417,0.0440,0.302443,-0.005749,0.030661,0.304186,-0.005877,0.034030,3.7955,2.8360
FINAL_HOLD,188,6.2667,1.2132,-39.6039,63.6281,17.6461,-0.0000,1.2308,-39.7802,63.2527,17.3626,-0.0879,1.4684,-40.4383,61.6294,17.0771,-0.3080,0.2640,-0.9225,-2.1864,-0.7107,-0.3520,-0.0088,0.0881,0.1877,0.1417,0.0440,0.302443,-0.005749,0.030661,0.304186,-0.005877,0.034030,3.7955,2.7392
FINAL_HOLD,189,6.3000,1.2132,-39.6039,63.6281,17.6461,-0.0000,1.2308,-39.7802,63.2527,17.3626,-0.0879,1.4684,-40.4383,61.6294,17.0771,-0.3080,0.2640,-0.9225,-2.1864,-0.7107,-0.3520,-0.0088,0.0881,0.1877,0.1417,0.0440,0.302443,-0.005749,0.030661,0.304186,-0.005877,0.034030,3.7955,2.6339
FINAL_HOLD,190,6.3333,1.2132,-39.6039,63.6281,17.6461,-0.0000,1.2308,-39.7802,63.2527,17.3626,-0.0879,1.4684,-40.4383,61.6294,17.0771,-0.3080,0.2640,-0.9225,-2.1864,-0.7107,-0.3520,-0.0088,0.0881,0.1877,0.1417,0.0440,0.302443,-0.005749,0.030661,0.304186,-0.005877,0.034030,3.7955,2.7595
FINAL_HOLD,191,6.3667,1.2132,-39.6039,63.6281,17.6461,-0.0000,1.2308,-39.7802,63.2527,17.3626,-0.0879,1.4684,-40.4383,61.6294,17.0771,-0.3080,0.2640,-0.9225,-2.1864,-0.7107,-0.3520,-0.0088,0.0881,0.1877,0.1417,0.0440,0.302443,-0.005749,0.030661,0.304186,-0.005877,0.034030,3.7955,2.7055
FINAL_HOLD,192,6.4000,1.2132,-39.6039,63.6281,17.6461,-0.0000,1.2308,-39.7802,63.2527,17.3626,-0.0879,1.4684,-40.4383,61.6294,17.0771,-0.3080,0.2640,-0.9225,-2.1864,-0.7107,-0.3520,-0.0088,0.0881,0.1877,0.1417,0.0440,0.302443,-0.005749,0.030661,0.304186,-0.005877,0.034030,3.7955,2.6823
FINAL_HOLD,193,6.4333,1.2132,-39.6039,63.6281,17.6461,-0.0000,1.2308,-39.7802,63.2527,17.3626,-0.0879,1.4684,-40.4383,61.6294,17.0771,-0.3080,0.2640,-0.9225,-2.1864,-0.7107,-0.3520,-0.0088,0.0881,0.1877,0.1417,0.0440,0.302443,-0.005749,0.030661,0.304186,-0.005877,0.034030,3.7955,2.8390
FINAL_HOLD,194,6.4667,1.2132,-39.6039,63.6281,17.6461,-0.0000,1.2308,-39.7802,63.2527,17.3626,-0.0879,1.4684,-40.4383,61.6294,17.0771,-0.3080,0.2640,-0.9225,-2.1864,-0.7107,-0.3520,-0.0088,0.0881,0.1877,0.1417,0.0440,0.302443,-0.005749,0.030661,0.304186,-0.005877,0.034030,3.7955,2.7100
FINAL_HOLD,195,6.5000,1.2132,-39.6039,63.6281,17.6461,-0.0000,1.2308,-39.7802,63.2527,17.3626,-0.0879,1.4684,-40.4383,61.6294,17.0771,-0.3080,0.2640,-0.9225,-2.1864,-0.7107,-0.3520,-0.0088,0.0881,0.1877,0.1417,0.0440,0.302443,-0.005749,0.030661,0.304186,-0.005877,0.034030,3.7955,2.5452
FINAL_HOLD,196,6.5333,1.2132,-39.6039,63.6281,17.6461,-0.0000,1.2308,-39.7802,63.2527,17.3626,-0.0879,1.4684,-40.4383,61.6294,17.0771,-0.3080,0.2640,-0.9225,-2.1864,-0.7107,-0.3520,-0.0088,0.0881,0.1877,0.1417,0.0440,0.302443,-0.005749,0.030661,0.304186,-0.005877,0.034030,3.7955,2.7588
FINAL_HOLD,197,6.5667,1.2132,-39.6039,63.6281,17.6461,-0.0000,1.2308,-39.7802,63.2527,17.3626,-0.0879,1.4684,-40.4383,61.6294,17.0771,-0.3080,0.2640,-0.9225,-2.1864,-0.7107,-0.3520,-0.0088,0.0881,0.1877,0.1417,0.0440,0.302443,-0.005749,0.030661,0.304186,-0.005877,0.034030,3.7955,2.7081
FINAL_HOLD,198,6.6000,1.2132,-39.6039,63.6281,17.6461,-0.0000,1.2308,-39.7802,63.2527,17.3626,-0.0879,1.4684,-40.4383,61.6294,17.0771,-0.3080,0.2640,-0.9225,-2.1864,-0.7107,-0.3520,-0.0088,0.0881,0.1877,0.1417,0.0440,0.302443,-0.005749,0.030661,0.304186,-0.005877,0.034030,3.7955,2.6483
FINAL_HOLD,199,6.6333,1.2132,-39.6039,63.6281,17.6461,-0.0000,1.2308,-39.7802,63.2527,17.3626,-0.0879,1.4684,-40.4383,61.6294,17.0771,-0.3080,0.2640,-0.9225,-2.1864,-0.7107,-0.3520,-0.0088,0.0881,0.1877,0.1417,0.0440,0.302443,-0.005749,0.030661,0.304186,-0.005877,0.034030,3.7955,2.8097
FINAL_HOLD,200,6.6667,1.2132,-39.6039,63.6281,17.6461,-0.0000,1.2308,-39.7802,63.2527,17.3626,-0.0879,1.4684,-40.4383,61.6294,17.0771,-0.3080,0.2640,-0.9225,-2.1864,-0.7107,-0.3520,-0.0088,0.0881,0.1877,0.1417,0.0440,0.302443,-0.005749,0.030661,0.304186,-0.005877,0.034030,3.7955,2.6780
FINAL_HOLD,201,6.7000,1.2132,-39.6039,63.6281,17.6461,-0.0000,1.2308,-39.7802,63.2527,17.3626,-0.0879,1.4684,-40.4383,61.6294,17.0771,-0.3080,0.2640,-0.9225,-2.1864,-0.7107,-0.3520,-0.0088,0.0881,0.1877,0.1417,0.0440,0.302443,-0.005749,0.030661,0.304186,-0.005877,0.034030,3.7955,2.7040
FINAL_HOLD,202,6.7333,1.2132,-39.6039,63.6281,17.6461,-0.0000,1.2308,-39.7802,63.2527,17.3626,-0.0879,1.4684,-40.4383,61.6294,17.0771,-0.3080,0.2640,-0.9225,-2.1864,-0.7107,-0.3520,-0.0088,0.0881,0.1877,0.1417,0.0440,0.302443,-0.005749,0.030661,0.304186,-0.005877,0.034030,3.7955,2.8129
FINAL_HOLD,203,6.7667,1.2132,-39.6039,63.6281,17.6461,-0.0000,1.2308,-39.7802,63.2527,17.3626,-0.0879,1.4684,-40.4383,61.6294,17.0771,-0.3080,0.2640,-0.9225,-2.1864,-0.7107,-0.3520,-0.0088,0.0881,0.1877,0.1417,0.0440,0.302443,-0.005749,0.030661,0.304186,-0.005877,0.034030,3.7955,2.7839
FINAL_HOLD,204,6.8000,1.2132,-39.6039,63.6281,17.6461,-0.0000,1.2308,-39.7802,63.2527,17.3626,-0.0879,1.4684,-40.4383,61.6294,17.0771,-0.3080,0.2640,-0.9225,-2.1864,-0.7107,-0.3520,-0.0088,0.0881,0.1877,0.1417,0.0440,0.302443,-0.005749,0.030661,0.304186,-0.005877,0.034030,3.7955,2.6492
FINAL_HOLD,205,6.8333,1.2132,-39.6039,63.6281,17.6461,-0.0000,1.2308,-39.7802,63.2527,17.3626,-0.0879,1.4684,-40.4383,61.6294,17.0771,-0.3080,0.2640,-0.9225,-2.1864,-0.7107,-0.3520,-0.0088,0.0881,0.1877,0.1417,0.0440,0.302443,-0.005749,0.030661,0.304186,-0.005877,0.034030,3.7955,2.8312
FINAL_HOLD,206,6.8667,1.2132,-39.6039,63.6281,17.6461,-0.0000,1.2308,-39.7802,63.2527,17.3626,-0.0879,1.4684,-40.4383,61.6294,17.0771,-0.3080,0.2640,-0.9225,-2.1864,-0.7107,-0.3520,-0.0088,0.0881,0.1877,0.1417,0.0440,0.302443,-0.005749,0.030661,0.304186,-0.005877,0.034030,3.7955,2.7489
FINAL_HOLD,207,6.9000,1.2132,-39.6039,63.6281,17.6461,-0.0000,1.2308,-39.7802,63.2527,17.3626,-0.0879,1.4684,-40.4383,61.6294,17.0771,-0.3080,0.2640,-0.9225,-2.1864,-0.7107,-0.3520,-0.0088,0.0881,0.1877,0.1417,0.0440,0.302443,-0.005749,0.030661,0.304186,-0.005877,0.034030,3.7955,2.6435
FINAL_HOLD,208,6.9333,1.2132,-39.6039,63.6281,17.6461,-0.0000,1.2308,-39.7802,63.2527,17.3626,-0.0879,1.4684,-40.4383,61.6294,17.0771,-0.3080,0.2640,-0.9225,-2.1864,-0.7107,-0.3520,-0.0088,0.0881,0.1877,0.1417,0.0440,0.302443,-0.005749,0.030661,0.304186,-0.005877,0.034030,3.7955,2.8790
FINAL_HOLD,209,6.9667,1.2132,-39.6039,63.6281,17.6461,-0.0000,1.2308,-39.7802,63.2527,17.3626,-0.0879,1.4684,-40.4383,61.6294,17.0771,-0.3080,0.2640,-0.9225,-2.1864,-0.7107,-0.3520,-0.0088,0.0881,0.1877,0.1417,0.0440,0.302443,-0.005749,0.030661,0.304186,-0.005877,0.034030,3.7955,2.8235
FINAL_HOLD,210,7.0000,1.2132,-39.6039,63.6281,17.6461,-0.0000,1.2308,-39.7802,63.2527,17.3626,-0.0879,1.4684,-40.4383,61.6294,17.0771,-0.3080,0.2640,-0.9225,-2.1864,-0.7107,-0.3520,-0.0088,0.0881,0.1877,0.1417,0.0440,0.302443,-0.005749,0.030661,0.304186,-0.005877,0.034030,3.7955,2.7020
FINAL_HOLD,211,7.0333,1.2132,-39.6039,63.6281,17.6461,-0.0000,1.2308,-39.7802,63.2527,17.3626,-0.0879,1.4684,-40.4383,61.6294,17.0771,-0.3080,0.2640,-0.9225,-2.1864,-0.7107,-0.3520,-0.0088,0.0881,0.1877,0.1417,0.0440,0.302443,-0.005749,0.030661,0.304186,-0.005877,0.034030,3.7955,2.8281
FINAL_HOLD,212,7.0667,1.2132,-39.6039,63.6281,17.6461,-0.0000,1.2308,-39.7802,63.2527,17.3626,-0.0879,1.4684,-40.4383,61.6294,17.0771,-0.3080,0.2640,-0.9225,-2.1864,-0.7107,-0.3520,-0.0088,0.0881,0.1877,0.1417,0.0440,0.302443,-0.005749,0.030661,0.304186,-0.005877,0.034030,3.7955,2.8340
FINAL_HOLD,213,7.1000,1.2132,-39.6039,63.6281,17.6461,-0.0000,1.2308,-39.7802,63.2527,17.3626,-0.0879,1.4684,-40.4383,61.6294,17.0771,-0.3080,0.2640,-0.9225,-2.1864,-0.7107,-0.3520,-0.0088,0.0881,0.1877,0.1417,0.0440,0.302443,-0.005749,0.030661,0.304186,-0.005877,0.034030,3.7955,2.6464
FINAL_HOLD,214,7.1333,1.2132,-39.6039,63.6281,17.6461,-0.0000,1.2308,-39.7802,63.2527,17.3626,-0.0879,1.4684,-40.4383,61.6294,17.0771,-0.3080,0.2640,-0.9225,-2.1864,-0.7107,-0.3520,-0.0088,0.0881,0.1877,0.1417,0.0440,0.302443,-0.005749,0.030661,0.304186,-0.005877,0.034030,3.7955,2.8392
FINAL_HOLD,215,7.1667,1.2132,-39.6039,63.6281,17.6461,-0.0000,1.2308,-39.7802,63.2527,17.3626,-0.0879,1.4684,-40.4383,61.6294,17.0771,-0.3080,0.2640,-0.9225,-2.1864,-0.7107,-0.3520,-0.0088,0.0881,0.1877,0.1417,0.0440,0.302443,-0.005749,0.030661,0.304186,-0.005877,0.034030,3.7955,2.7499
FINAL_HOLD,216,7.2000,1.2132,-39.6039,63.6281,17.6461,-0.0000,1.2308,-39.7802,63.2527,17.3626,-0.0879,1.4684,-40.4383,61.6294,17.0771,-0.3080,0.2640,-0.9225,-2.1864,-0.7107,-0.3520,-0.0088,0.0881,0.1877,0.1417,0.0440,0.302443,-0.005749,0.030661,0.304186,-0.005877,0.034030,3.7955,2.7327
FINAL_HOLD,217,7.2333,1.2132,-39.6039,63.6281,17.6461,-0.0000,1.2308,-39.7802,63.2527,17.3626,-0.0879,1.4684,-40.4383,61.6294,17.0771,-0.3080,0.2640,-0.9225,-2.1864,-0.7107,-0.3520,-0.0088,0.0881,0.1877,0.1417,0.0440,0.302443,-0.005749,0.030661,0.304186,-0.005877,0.034030,3.7955,2.8816
FINAL_HOLD,218,7.2667,1.2132,-39.6039,63.6281,17.6461,-0.0000,1.2308,-39.7802,63.2527,17.3626,-0.0879,1.4684,-40.4383,61.6294,17.0771,-0.3080,0.2640,-0.9225,-2.1864,-0.7107,-0.3520,-0.0088,0.0881,0.1877,0.1417,0.0440,0.302443,-0.005749,0.030661,0.304186,-0.005877,0.034030,3.7955,2.7615
FINAL_HOLD,219,7.3000,1.2132,-39.6039,63.6281,17.6461,-0.0000,1.2308,-39.7802,63.2527,17.3626,-0.0879,1.4684,-40.4383,61.6294,17.0771,-0.3080,0.2640,-0.9225,-2.1864,-0.7107,-0.3520,-0.0088,0.0881,0.1877,0.1417,0.0440,0.302443,-0.005749,0.030661,0.304186,-0.005877,0.034030,3.7955,2.6541
FINAL_HOLD,220,7.3333,1.2132,-39.6039,63.6281,17.6461,-0.0000,1.2308,-39.7802,63.2527,17.3626,-0.0879,1.4684,-40.4383,61.6294,17.0771,-0.3080,0.2640,-0.9225,-2.1864,-0.7107,-0.3520,-0.0088,0.0881,0.1877,0.1417,0.0440,0.302443,-0.005749,0.030661,0.304186,-0.005877,0.034030,3.7955,2.8759
FINAL_HOLD,221,7.3667,1.2132,-39.6039,63.6281,17.6461,-0.0000,1.2308,-39.7802,63.2527,17.3626,-0.0879,1.4684,-40.4383,61.6294,17.0771,-0.3080,0.2640,-0.9225,-2.1864,-0.7107,-0.3520,-0.0088,0.0881,0.1877,0.1417,0.0440,0.302443,-0.005749,0.030661,0.304186,-0.005877,0.034030,3.7955,2.6716
FINAL_HOLD,222,7.4000,1.2132,-39.6039,63.6281,17.6461,-0.0000,1.2308,-39.7802,63.2527,17.3626,-0.0879,1.4684,-40.4383,61.6294,17.0771,-0.3080,0.2640,-0.9225,-2.1864,-0.7107,-0.3520,-0.0088,0.0881,0.1877,0.1417,0.0440,0.302443,-0.005749,0.030661,0.304186,-0.005877,0.034030,3.7955,2.5768
FINAL_HOLD,223,7.4333,1.2132,-39.6039,63.6281,17.6461,-0.0000,1.2308,-39.7802,63.2527,17.3626,-0.0879,1.4684,-40.4383,61.6294,17.0771,-0.3080,0.2640,-0.9225,-2.1864,-0.7107,-0.3520,-0.0088,0.0881,0.1877,0.1417,0.0440,0.302443,-0.005749,0.030661,0.304186,-0.005877,0.034030,3.7955,2.8872
FINAL_HOLD,224,7.4667,1.2132,-39.6039,63.6281,17.6461,-0.0000,1.2308,-39.7802,63.2527,17.3626,-0.0879,1.4684,-40.4383,61.6294,17.0771,-0.3080,0.2640,-0.9225,-2.1864,-0.7107,-0.3520,-0.0088,0.0881,0.1877,0.1417,0.0440,0.302443,-0.005749,0.030661,0.304186,-0.005877,0.034030,3.7955,2.8174
FINAL_HOLD,225,7.5000,1.2132,-39.6039,63.6281,17.6461,-0.0000,1.2308,-39.7802,63.2527,17.3626,-0.0879,1.4684,-40.4383,61.6294,17.0771,-0.3080,0.2640,-0.9225,-2.1864,-0.7107,-0.3520,-0.0088,0.0881,0.1877,0.1417,0.0440,0.302443,-0.005749,0.030661,0.304186,-0.005877,0.034030,3.7955,2.7056
FINAL_HOLD,226,7.5333,1.2132,-39.6039,63.6281,17.6461,-0.0000,1.2308,-39.7802,63.2527,17.3626,-0.0879,1.4684,-40.4383,61.6294,17.0771,-0.3080,0.2640,-0.9225,-2.1864,-0.7107,-0.3520,-0.0088,0.0881,0.1877,0.1417,0.0440,0.302443,-0.005749,0.030661,0.304186,-0.005877,0.034030,3.7955,3.3856
FINAL_HOLD,227,7.5667,1.2132,-39.6039,63.6281,17.6461,-0.0000,1.2308,-39.7802,63.2527,17.3626,-0.0879,1.4684,-40.4383,61.6294,17.0771,-0.3080,0.2640,-0.9225,-2.1864,-0.7107,-0.3520,-0.0088,0.0881,0.1877,0.1417,0.0440,0.302443,-0.005749,0.030661,0.304186,-0.005877,0.034030,3.7955,2.9360
FINAL_HOLD,228,7.6000,1.2132,-39.6039,63.6281,17.6461,-0.0000,1.2308,-39.7802,63.2527,17.3626,-0.0879,1.4684,-40.4383,61.6294,17.0771,-0.3080,0.2640,-0.9225,-2.1864,-0.7107,-0.3520,-0.0088,0.0881,0.1877,0.1417,0.0440,0.302443,-0.005749,0.030661,0.304186,-0.005877,0.034030,3.7955,3.1461
FINAL_HOLD,229,7.6333,1.2132,-39.6039,63.6281,17.6461,-0.0000,1.2308,-39.7802,63.2527,17.3626,-0.0879,1.4684,-40.4383,61.6294,17.0771,-0.3080,0.2640,-0.9225,-2.1864,-0.7107,-0.3520,-0.0088,0.0881,0.1877,0.1417,0.0440,0.302443,-0.005749,0.030661,0.304186,-0.005877,0.034030,3.7955,2.8121
FINAL_HOLD,230,7.6667,1.2132,-39.6039,63.6281,17.6461,-0.0000,1.2308,-39.7802,63.2527,17.3626,-0.0879,1.4684,-40.4383,61.6294,17.0771,-0.3080,0.2640,-0.9225,-2.1864,-0.7107,-0.3520,-0.0088,0.0881,0.1877,0.1417,0.0440,0.302443,-0.005749,0.030661,0.304186,-0.005877,0.034030,3.7955,2.7456
FINAL_HOLD,231,7.7000,1.2132,-39.6039,63.6281,17.6461,-0.0000,1.2308,-39.7802,63.2527,17.3626,-0.0879,1.4684,-40.4383,61.6294,17.0771,-0.3080,0.2640,-0.9225,-2.1864,-0.7107,-0.3520,-0.0088,0.0881,0.1877,0.1417,0.0440,0.302443,-0.005749,0.030661,0.304186,-0.005877,0.034030,3.7955,2.6907
FINAL_HOLD,232,7.7333,1.2132,-39.6039,63.6281,17.6461,-0.0000,1.2308,-39.7802,63.2527,17.3626,-0.0879,1.4684,-40.4383,61.6294,17.0771,-0.3080,0.2640,-0.9225,-2.1864,-0.7107,-0.3520,-0.0088,0.0881,0.1877,0.1417,0.0440,0.302443,-0.005749,0.030661,0.304186,-0.005877,0.034030,3.7955,2.8596
FINAL_HOLD,233,7.7667,1.2132,-39.6039,63.6281,17.6461,-0.0000,1.2308,-39.7802,63.2527,17.3626,-0.0879,1.4684,-40.4383,61.6294,17.0771,-0.3080,0.2640,-0.9225,-2.1864,-0.7107,-0.3520,-0.0088,0.0881,0.1877,0.1417,0.0440,0.302443,-0.005749,0.030661,0.304186,-0.005877,0.034030,3.7955,2.7964
FINAL_HOLD,234,7.8000,1.2132,-39.6039,63.6281,17.6461,-0.0000,1.2308,-39.7802,63.2527,17.3626,-0.0879,1.4684,-40.4383,61.6294,17.0771,-0.3080,0.2640,-0.9225,-2.1864,-0.7107,-0.3520,-0.0088,0.0881,0.1877,0.1417,0.0440,0.302443,-0.005749,0.030661,0.304186,-0.005877,0.034030,3.7955,2.7244
FINAL_HOLD,235,7.8333,1.2132,-39.6039,63.6281,17.6461,-0.0000,1.2308,-39.7802,63.2527,17.3626,-0.0879,1.4684,-40.4383,61.6294,17.0771,-0.3080,0.2640,-0.9225,-2.1864,-0.7107,-0.3520,-0.0088,0.0881,0.1877,0.1417,0.0440,0.302443,-0.005749,0.030661,0.304186,-0.005877,0.034030,3.7955,2.8026
FINAL_HOLD,236,7.8667,1.2132,-39.6039,63.6281,17.6461,-0.0000,1.2308,-39.7802,63.2527,17.3626,-0.0879,1.4684,-40.4383,61.6294,17.0771,-0.3080,0.2640,-0.9225,-2.1864,-0.7107,-0.3520,-0.0088,0.0881,0.1877,0.1417,0.0440,0.302443,-0.005749,0.030661,0.304186,-0.005877,0.034030,3.7955,2.7797
FINAL_HOLD,237,7.9000,1.2132,-39.6039,63.6281,17.6461,-0.0000,1.2308,-39.7802,63.2527,17.3626,-0.0879,1.4684,-40.4383,61.6294,17.0771,-0.3080,0.2640,-0.9225,-2.1864,-0.7107,-0.3520,-0.0088,0.0881,0.1877,0.1417,0.0440,0.302443,-0.005749,0.030661,0.304186,-0.005877,0.034030,3.7955,2.6841
FINAL_HOLD,238,7.9333,1.2132,-39.6039,63.6281,17.6461,-0.0000,1.2308,-39.7802,63.2527,17.3626,-0.0879,1.4684,-40.4383,61.6294,17.0771,-0.3080,0.2640,-0.9225,-2.1864,-0.7107,-0.3520,-0.0088,0.0881,0.1877,0.1417,0.0440,0.302443,-0.005749,0.030661,0.304186,-0.005877,0.034030,3.7955,2.8540
FINAL_HOLD,239,7.9667,1.2132,-39.6039,63.6281,17.6461,-0.0000,1.2308,-39.7802,63.2527,17.3626,-0.0879,1.4684,-40.4383,61.6294,17.0771,-0.3080,0.2640,-0.9225,-2.1864,-0.7107,-0.3520,-0.0088,0.0881,0.1877,0.1417,0.0440,0.302443,-0.005749,0.030661,0.304186,-0.005877,0.034030,3.7955,2.9198
FINAL_HOLD,240,8.0000,1.2132,-39.6039,63.6281,17.6461,-0.0000,1.2308,-39.7802,63.2527,17.3626,-0.0879,1.4684,-40.4383,61.6294,17.0771,-0.3080,0.2640,-0.9225,-2.1864,-0.7107,-0.3520,-0.0088,0.0881,0.1877,0.1417,0.0440,0.302443,-0.005749,0.030661,0.304186,-0.005877,0.034030,3.7955,2.7336
FINAL_HOLD,241,8.0333,1.2132,-39.6039,63.6281,17.6461,-0.0000,1.2308,-39.7802,63.2527,17.3626,-0.0879,1.4684,-40.4383,61.6294,17.0771,-0.3080,0.2640,-0.9225,-2.1864,-0.7107,-0.3520,-0.0088,0.0881,0.1877,0.1417,0.0440,0.302443,-0.005749,0.030661,0.304186,-0.005877,0.034030,3.7955,4.0768
FINAL_HOLD,242,8.0667,1.2132,-39.6039,63.6281,17.6461,-0.0000,1.2308,-39.7802,63.2527,17.3626,-0.0879,1.4684,-40.4383,61.6294,17.0771,-0.3080,0.2640,-0.9225,-2.1864,-0.7107,-0.3520,-0.0088,0.0881,0.1877,0.1417,0.0440,0.302443,-0.005749,0.030661,0.304186,-0.005877,0.034030,3.7955,2.7160
FINAL_HOLD,243,8.1000,1.2132,-39.6039,63.6281,17.6461,-0.0000,1.2308,-39.7802,63.2527,17.3626,-0.0879,1.4684,-40.4383,61.6294,17.0771,-0.3080,0.2640,-0.9225,-2.1864,-0.7107,-0.3520,-0.0088,0.0881,0.1877,0.1417,0.0440,0.302443,-0.005749,0.030661,0.304186,-0.005877,0.034030,3.7955,2.7651
FINAL_HOLD,244,8.1333,1.2132,-39.6039,63.6281,17.6461,-0.0000,1.2308,-39.7802,63.2527,17.3626,-0.0879,1.4684,-40.4383,61.6294,17.0771,-0.3080,0.2640,-0.9225,-2.1864,-0.7107,-0.3520,-0.0088,0.0881,0.1877,0.1417,0.0440,0.302443,-0.005749,0.030661,0.304186,-0.005877,0.034030,3.7955,2.8364
FINAL_HOLD,245,8.1667,1.2132,-39.6039,63.6281,17.6461,-0.0000,1.2308,-39.7802,63.2527,17.3626,-0.0879,1.4684,-40.4383,61.6294,17.0771,-0.3080,0.2640,-0.9225,-2.1864,-0.7107,-0.3520,-0.0088,0.0881,0.1877,0.1417,0.0440,0.302443,-0.005749,0.030661,0.304186,-0.005877,0.034030,3.7955,2.7744
FINAL_HOLD,246,8.2000,1.2132,-39.6039,63.6281,17.6461,-0.0000,1.2308,-39.7802,63.2527,17.3626,-0.0879,1.4684,-40.4383,61.6294,17.0771,-0.3080,0.2640,-0.9225,-2.1864,-0.7107,-0.3520,-0.0088,0.0881,0.1877,0.1417,0.0440,0.302443,-0.005749,0.030661,0.304186,-0.005877,0.034030,3.7955,2.7016
FINAL_HOLD,247,8.2333,1.2132,-39.6039,63.6281,17.6461,-0.0000,1.2308,-39.7802,63.2527,17.3626,-0.0879,1.4684,-40.4383,61.6294,17.0771,-0.3080,0.2640,-0.9225,-2.1864,-0.7107,-0.3520,-0.0088,0.0881,0.1877,0.1417,0.0440,0.302443,-0.005749,0.030661,0.304186,-0.005877,0.034030,3.7955,2.8506
FINAL_HOLD,248,8.2667,1.2132,-39.6039,63.6281,17.6461,-0.0000,1.2308,-39.7802,63.2527,17.3626,-0.0879,1.4684,-40.4383,61.6294,17.0771,-0.3080,0.2640,-0.9225,-2.1864,-0.7107,-0.3520,-0.0088,0.0881,0.1877,0.1417,0.0440,0.302443,-0.005749,0.030661,0.304186,-0.005877,0.034030,3.7955,2.7490
FINAL_HOLD,249,8.3000,1.2132,-39.6039,63.6281,17.6461,-0.0000,1.2308,-39.7802,63.2527,17.3626,-0.0879,1.4684,-40.4383,61.6294,17.0771,-0.3080,0.2640,-0.9225,-2.1864,-0.7107,-0.3520,-0.0088,0.0881,0.1877,0.1417,0.0440,0.302443,-0.005749,0.030661,0.304186,-0.005877,0.034030,3.7955,2.8526
FINAL_HOLD,250,8.3333,1.2132,-39.6039,63.6281,17.6461,-0.0000,1.2308,-39.7802,63.2527,17.3626,-0.0879,1.4684,-40.4383,61.6294,17.0771,-0.3080,0.2640,-0.9225,-2.1864,-0.7107,-0.3520,-0.0088,0.0881,0.1877,0.1417,0.0440,0.302443,-0.005749,0.030661,0.304186,-0.005877,0.034030,3.7955,2.8308
FINAL_HOLD,251,8.3667,1.2132,-39.6039,63.6281,17.6461,-0.0000,1.2308,-39.7802,63.2527,17.3626,-0.0879,1.4684,-40.4383,61.6294,17.0771,-0.3080,0.2640,-0.9225,-2.1864,-0.7107,-0.3520,-0.0088,0.0881,0.1877,0.1417,0.0440,0.302443,-0.005749,0.030661,0.304186,-0.005877,0.034030,3.7955,2.7739
FINAL_HOLD,252,8.4000,1.2132,-39.6039,63.6281,17.6461,-0.0000,1.2308,-39.7802,63.2527,17.3626,-0.0879,1.4684,-40.4383,61.6294,17.0771,-0.3080,0.2640,-0.9225,-2.1864,-0.7107,-0.3520,-0.0088,0.0881,0.1877,0.1417,0.0440,0.302443,-0.005749,0.030661,0.304186,-0.005877,0.034030,3.7955,2.5964
FINAL_HOLD,253,8.4333,1.2132,-39.6039,63.6281,17.6461,-0.0000,1.2308,-39.7802,63.2527,17.3626,-0.0879,1.4684,-40.4383,61.6294,17.0771,-0.3080,0.2640,-0.9225,-2.1864,-0.7107,-0.3520,-0.0088,0.0881,0.1877,0.1417,0.0440,0.302443,-0.005749,0.030661,0.304186,-0.005877,0.034030,3.7955,2.7736
FINAL_HOLD,254,8.4667,1.2132,-39.6039,63.6281,17.6461,-0.0000,1.2308,-39.7802,63.2527,17.3626,-0.0879,1.4684,-40.4383,61.6294,17.0771,-0.3080,0.2640,-0.9225,-2.1864,-0.7107,-0.3520,-0.0088,0.0881,0.1877,0.1417,0.0440,0.302443,-0.005749,0.030661,0.304186,-0.005877,0.034030,3.7955,2.8485
FINAL_HOLD,255,8.5000,1.2132,-39.6039,63.6281,17.6461,-0.0000,1.2308,-39.7802,63.2527,17.3626,-0.0879,1.4684,-40.4383,61.6294,17.0771,-0.3080,0.2640,-0.9225,-2.1864,-0.7107,-0.3520,-0.0088,0.0881,0.1877,0.1417,0.0440,0.302443,-0.005749,0.030661,0.304186,-0.005877,0.034030,3.7955,2.8223
FINAL_HOLD,256,8.5333,1.2132,-39.6039,63.6281,17.6461,-0.0000,1.2308,-39.7802,63.2527,17.3626,-0.0879,1.4684,-40.4383,61.6294,17.0771,-0.3080,0.2640,-0.9225,-2.1864,-0.7107,-0.3520,-0.0088,0.0881,0.1877,0.1417,0.0440,0.302443,-0.005749,0.030661,0.304186,-0.005877,0.034030,3.7955,2.8485
FINAL_HOLD,257,8.5667,1.2132,-39.6039,63.6281,17.6461,-0.0000,1.2308,-39.7802,63.2527,17.3626,-0.0879,1.4684,-40.4383,61.6294,17.0771,-0.3080,0.2640,-0.9225,-2.1864,-0.7107,-0.3520,-0.0088,0.0881,0.1877,0.1417,0.0440,0.302443,-0.005749,0.030661,0.304186,-0.005877,0.034030,3.7955,2.7937
FINAL_HOLD,258,8.6000,1.2132,-39.6039,63.6281,17.6461,-0.0000,1.2308,-39.7802,63.2527,17.3626,-0.0879,1.4684,-40.4383,61.6294,17.0771,-0.3080,0.2640,-0.9225,-2.1864,-0.7107,-0.3520,-0.0088,0.0881,0.1877,0.1417,0.0440,0.302443,-0.005749,0.030661,0.304186,-0.005877,0.034030,3.7955,2.6901
FINAL_HOLD,259,8.6333,1.2132,-39.6039,63.6281,17.6461,-0.0000,1.2308,-39.7802,63.2527,17.3626,-0.0879,1.4684,-40.4383,61.6294,17.0771,-0.3080,0.2640,-0.9225,-2.1864,-0.7107,-0.3520,-0.0088,0.0881,0.1877,0.1417,0.0440,0.302443,-0.005749,0.030661,0.304186,-0.005877,0.034030,3.7955,2.7633
FINAL_HOLD,260,8.6667,1.2132,-39.6039,63.6281,17.6461,-0.0000,1.2308,-39.7802,63.2527,17.3626,-0.0879,1.4684,-40.4383,61.6294,17.0771,-0.3080,0.2640,-0.9225,-2.1864,-0.7107,-0.3520,-0.0088,0.0881,0.1877,0.1417,0.0440,0.302443,-0.005749,0.030661,0.304186,-0.005877,0.034030,3.7955,2.8469
FINAL_HOLD,261,8.7000,1.2132,-39.6039,63.6281,17.6461,-0.0000,1.2308,-39.7802,63.2527,17.3626,-0.0879,1.4684,-40.4383,61.6294,17.0771,-0.3080,0.2640,-0.9225,-2.1864,-0.7107,-0.3520,-0.0088,0.0881,0.1877,0.1417,0.0440,0.302443,-0.005749,0.030661,0.304186,-0.005877,0.034030,3.7955,2.7177
FINAL_HOLD,262,8.7333,1.2132,-39.6039,63.6281,17.6461,-0.0000,1.2308,-39.7802,63.2527,17.3626,-0.0879,1.4684,-40.4383,61.6294,17.0771,-0.3080,0.2640,-0.9225,-2.1864,-0.7107,-0.3520,-0.0088,0.0881,0.1877,0.1417,0.0440,0.302443,-0.005749,0.030661,0.304186,-0.005877,0.034030,3.7955,2.7808
FINAL_HOLD,263,8.7667,1.2132,-39.6039,63.6281,17.6461,-0.0000,1.2308,-39.7802,63.2527,17.3626,-0.0879,1.4684,-40.4383,61.6294,17.0771,-0.3080,0.2640,-0.9225,-2.1864,-0.7107,-0.3520,-0.0088,0.0881,0.1877,0.1417,0.0440,0.302443,-0.005749,0.030661,0.304186,-0.005877,0.034030,3.7955,2.7786
FINAL_HOLD,264,8.8000,1.2132,-39.6039,63.6281,17.6461,-0.0000,1.2308,-39.7802,63.2527,17.3626,-0.0879,1.4684,-40.4383,61.6294,17.0771,-0.3080,0.2640,-0.9225,-2.1864,-0.7107,-0.3520,-0.0088,0.0881,0.1877,0.1417,0.0440,0.302443,-0.005749,0.030661,0.304186,-0.005877,0.034030,3.7955,2.6148
FINAL_HOLD,265,8.8333,1.2132,-39.6039,63.6281,17.6461,-0.0000,1.2308,-39.7802,63.2527,17.3626,-0.0879,1.4684,-40.4383,61.6294,17.0771,-0.3080,0.2640,-0.9225,-2.1864,-0.7107,-0.3520,-0.0088,0.0881,0.1877,0.1417,0.0440,0.302443,-0.005749,0.030661,0.304186,-0.005877,0.034030,3.7955,2.7821
FINAL_HOLD,266,8.8667,1.2132,-39.6039,63.6281,17.6461,-0.0000,1.2308,-39.7802,63.2527,17.3626,-0.0879,1.4684,-40.4383,61.6294,17.0771,-0.3080,0.2640,-0.9225,-2.1864,-0.7107,-0.3520,-0.0088,0.0881,0.1877,0.1417,0.0440,0.302443,-0.005749,0.030661,0.304186,-0.005877,0.034030,3.7955,2.8940
FINAL_HOLD,267,8.9000,1.2132,-39.6039,63.6281,17.6461,-0.0000,1.2308,-39.7802,63.2527,17.3626,-0.0879,1.4684,-40.4383,61.6294,17.0771,-0.3080,0.2640,-0.9225,-2.1864,-0.7107,-0.3520,-0.0088,0.0881,0.1877,0.1417,0.0440,0.302443,-0.005749,0.030661,0.304186,-0.005877,0.034030,3.7955,2.6145
FINAL_HOLD,268,8.9333,1.2132,-39.6039,63.6281,17.6461,-0.0000,1.2308,-39.7802,63.2527,17.3626,-0.0879,1.4684,-40.4383,61.6294,17.0771,-0.3080,0.2640,-0.9225,-2.1864,-0.7107,-0.3520,-0.0088,0.0881,0.1877,0.1417,0.0440,0.302443,-0.005749,0.030661,0.304186,-0.005877,0.034030,3.7955,2.8705
FINAL_HOLD,269,8.9667,1.2132,-39.6039,63.6281,17.6461,-0.0000,1.2308,-39.7802,63.2527,17.3626,-0.0879,1.4684,-40.4383,61.6294,17.0771,-0.3080,0.2640,-0.9225,-2.1864,-0.7107,-0.3520,-0.0088,0.0881,0.1877,0.1417,0.0440,0.302443,-0.005749,0.030661,0.304186,-0.005877,0.034030,3.7955,2.9009
FINAL_HOLD,270,9.0000,1.2132,-39.6039,63.6281,17.6461,-0.0000,1.2308,-39.7802,63.2527,17.3626,-0.0879,1.4684,-40.4383,61.6294,17.0771,-0.3080,0.2640,-0.9225,-2.1864,-0.7107,-0.3520,-0.0088,0.0881,0.1877,0.1417,0.0440,0.302443,-0.005749,0.030661,0.304186,-0.005877,0.034030,3.7955,2.7910
FINAL_HOLD,271,9.0333,1.2132,-39.6039,63.6281,17.6461,-0.0000,1.2308,-39.7802,63.2527,17.3626,-0.0879,1.4684,-40.4383,61.6294,17.0771,-0.3080,0.2640,-0.9225,-2.1864,-0.7107,-0.3520,-0.0088,0.0881,0.1877,0.1417,0.0440,0.302443,-0.005749,0.030661,0.304186,-0.005877,0.034030,3.7955,2.8865
FINAL_HOLD,272,9.0667,1.2132,-39.6039,63.6281,17.6461,-0.0000,1.2308,-39.7802,63.2527,17.3626,-0.0879,1.4684,-40.4383,61.6294,17.0771,-0.3080,0.2640,-0.9225,-2.1864,-0.7107,-0.3520,-0.0088,0.0881,0.1877,0.1417,0.0440,0.302443,-0.005749,0.030661,0.304186,-0.005877,0.034030,3.7955,2.9300
FINAL_HOLD,273,9.1000,1.2132,-39.6039,63.6281,17.6461,-0.0000,1.2308,-39.7802,63.2527,17.3626,-0.0879,1.4684,-40.4383,61.6294,17.0771,-0.3080,0.2640,-0.9225,-2.1864,-0.7107,-0.3520,-0.0088,0.0881,0.1877,0.1417,0.0440,0.302443,-0.005749,0.030661,0.304186,-0.005877,0.034030,3.7955,2.7809
FINAL_HOLD,274,9.1333,1.2132,-39.6039,63.6281,17.6461,-0.0000,1.2308,-39.7802,63.2527,17.3626,-0.0879,1.4684,-40.4383,61.6294,17.0771,-0.3080,0.2640,-0.9225,-2.1864,-0.7107,-0.3520,-0.0088,0.0881,0.1877,0.1417,0.0440,0.302443,-0.005749,0.030661,0.304186,-0.005877,0.034030,3.7955,2.8554
FINAL_HOLD,275,9.1667,1.2132,-39.6039,63.6281,17.6461,-0.0000,1.2308,-39.7802,63.2527,17.3626,-0.0879,1.4684,-40.4383,61.6294,17.0771,-0.3080,0.2640,-0.9225,-2.1864,-0.7107,-0.3520,-0.0088,0.0881,0.1877,0.1417,0.0440,0.302443,-0.005749,0.030661,0.304186,-0.005877,0.034030,3.7955,2.8727
FINAL_HOLD,276,9.2000,1.2132,-39.6039,63.6281,17.6461,-0.0000,1.2308,-39.7802,63.2527,17.3626,-0.0879,1.4684,-40.4383,61.6294,17.0771,-0.3080,0.2640,-0.9225,-2.1864,-0.7107,-0.3520,-0.0088,0.0881,0.1877,0.1417,0.0440,0.302443,-0.005749,0.030661,0.304186,-0.005877,0.034030,3.7955,2.7124
FINAL_HOLD,277,9.2333,1.2132,-39.6039,63.6281,17.6461,-0.0000,1.2308,-39.7802,63.2527,17.3626,-0.0879,1.4684,-40.4383,61.6294,17.0771,-0.3080,0.2640,-0.9225,-2.1864,-0.7107,-0.3520,-0.0088,0.0881,0.1877,0.1417,0.0440,0.302443,-0.005749,0.030661,0.304186,-0.005877,0.034030,3.7955,2.7487
FINAL_HOLD,278,9.2667,1.2132,-39.6039,63.6281,17.6461,-0.0000,1.2308,-39.7802,63.2527,17.3626,-0.0879,1.4684,-40.4383,61.6294,17.0771,-0.3080,0.2640,-0.9225,-2.1864,-0.7107,-0.3520,-0.0088,0.0881,0.1877,0.1417,0.0440,0.302443,-0.005749,0.030661,0.304186,-0.005877,0.034030,3.7955,2.7612
FINAL_HOLD,279,9.3000,1.2132,-39.6039,63.6281,17.6461,-0.0000,1.2308,-39.7802,63.2527,17.3626,-0.0879,1.4684,-40.4383,61.6294,17.0771,-0.3080,0.2640,-0.9225,-2.1864,-0.7107,-0.3520,-0.0088,0.0881,0.1877,0.1417,0.0440,0.302443,-0.005749,0.030661,0.304186,-0.005877,0.034030,3.7955,2.6753
FINAL_HOLD,280,9.3333,1.2132,-39.6039,63.6281,17.6461,-0.0000,1.2308,-39.7802,63.2527,17.3626,-0.0879,1.4684,-40.4383,61.6294,17.0771,-0.3080,0.2640,-0.9225,-2.1864,-0.7107,-0.3520,-0.0088,0.0881,0.1877,0.1417,0.0440,0.302443,-0.005749,0.030661,0.304186,-0.005877,0.034030,3.7955,2.8346
FINAL_HOLD,281,9.3667,1.2132,-39.6039,63.6281,17.6461,-0.0000,1.2308,-39.7802,63.2527,17.3626,-0.0879,1.4684,-40.4383,61.6294,17.0771,-0.3080,0.2640,-0.9225,-2.1864,-0.7107,-0.3520,-0.0088,0.0881,0.1877,0.1417,0.0440,0.302443,-0.005749,0.030661,0.304186,-0.005877,0.034030,3.7955,2.9221
FINAL_HOLD,282,9.4000,1.2132,-39.6039,63.6281,17.6461,-0.0000,1.2308,-39.7802,63.2527,17.3626,-0.0879,1.4684,-40.4383,61.6294,17.0771,-0.3080,0.2640,-0.9225,-2.1864,-0.7107,-0.3520,-0.0088,0.0881,0.1877,0.1417,0.0440,0.302443,-0.005749,0.030661,0.304186,-0.005877,0.034030,3.7955,2.6764
FINAL_HOLD,283,9.4333,1.2132,-39.6039,63.6281,17.6461,-0.0000,1.2308,-39.7802,63.2527,17.3626,-0.0879,1.4684,-40.4383,61.6294,17.0771,-0.3080,0.2640,-0.9225,-2.1864,-0.7107,-0.3520,-0.0088,0.0881,0.1877,0.1417,0.0440,0.302443,-0.005749,0.030661,0.304186,-0.005877,0.034030,3.7955,2.7513
FINAL_HOLD,284,9.4667,1.2132,-39.6039,63.6281,17.6461,-0.0000,1.2308,-39.7802,63.2527,17.3626,-0.0879,1.4684,-40.4383,61.6294,17.0771,-0.3080,0.2640,-0.9225,-2.1864,-0.7107,-0.3520,-0.0088,0.0881,0.1877,0.1417,0.0440,0.302443,-0.005749,0.030661,0.304186,-0.005877,0.034030,3.7955,2.8440
FINAL_HOLD,285,9.5000,1.2132,-39.6039,63.6281,17.6461,-0.0000,1.2308,-39.7802,63.2527,17.3626,-0.0879,1.4684,-40.4383,61.6294,17.0771,-0.3080,0.2640,-0.9225,-2.1864,-0.7107,-0.3520,-0.0088,0.0881,0.1877,0.1417,0.0440,0.302443,-0.005749,0.030661,0.304186,-0.005877,0.034030,3.7955,2.6766
FINAL_HOLD,286,9.5333,1.2132,-39.6039,63.6281,17.6461,-0.0000,1.2308,-39.7802,63.2527,17.3626,-0.0879,1.4684,-40.4383,61.6294,17.0771,-0.3080,0.2640,-0.9225,-2.1864,-0.7107,-0.3520,-0.0088,0.0881,0.1877,0.1417,0.0440,0.302443,-0.005749,0.030661,0.304186,-0.005877,0.034030,3.7955,2.8582
FINAL_HOLD,287,9.5667,1.2132,-39.6039,63.6281,17.6461,-0.0000,1.2308,-39.7802,63.2527,17.3626,-0.0879,1.4684,-40.4383,61.6294,17.0771,-0.3080,0.2640,-0.9225,-2.1864,-0.7107,-0.3520,-0.0088,0.0881,0.1877,0.1417,0.0440,0.302443,-0.005749,0.030661,0.304186,-0.005877,0.034030,3.7955,2.8617
FINAL_HOLD,288,9.6000,1.2132,-39.6039,63.6281,17.6461,-0.0000,1.2308,-39.7802,63.2527,17.3626,-0.0879,1.4684,-40.4383,61.6294,17.0771,-0.3080,0.2640,-0.9225,-2.1864,-0.7107,-0.3520,-0.0088,0.0881,0.1877,0.1417,0.0440,0.302443,-0.005749,0.030661,0.304186,-0.005877,0.034030,3.7955,2.6826
FINAL_HOLD,289,9.6333,1.2132,-39.6039,63.6281,17.6461,-0.0000,1.2308,-39.7802,63.2527,17.3626,-0.0879,1.4684,-40.4383,61.6294,17.0771,-0.3080,0.2640,-0.9225,-2.1864,-0.7107,-0.3520,-0.0088,0.0881,0.1877,0.1417,0.0440,0.302443,-0.005749,0.030661,0.304186,-0.005877,0.034030,3.7955,2.7337
FINAL_HOLD,290,9.6667,1.2132,-39.6039,63.6281,17.6461,-0.0000,1.2308,-39.7802,63.2527,17.3626,-0.0879,1.4684,-40.4383,61.6294,17.0771,-0.3080,0.2640,-0.9225,-2.1864,-0.7107,-0.3520,-0.0088,0.0881,0.1877,0.1417,0.0440,0.302443,-0.005749,0.030661,0.304186,-0.005877,0.034030,3.7955,2.8045
FINAL_HOLD,291,9.7000,1.2132,-39.6039,63.6281,17.6461,-0.0000,1.2308,-39.7802,63.2527,17.3626,-0.0879,1.4684,-40.4383,61.6294,17.0771,-0.3080,0.2640,-0.9225,-2.1864,-0.7107,-0.3520,-0.0088,0.0881,0.1877,0.1417,0.0440,0.302443,-0.005749,0.030661,0.304186,-0.005877,0.034030,3.7955,2.6921
FINAL_HOLD,292,9.7333,1.2132,-39.6039,63.6281,17.6461,-0.0000,1.2308,-39.7802,63.2527,17.3626,-0.0879,1.4684,-40.4383,61.6294,17.0771,-0.3080,0.2640,-0.9225,-2.1864,-0.7107,-0.3520,-0.0088,0.0881,0.1877,0.1417,0.0440,0.302443,-0.005749,0.030661,0.304186,-0.005877,0.034030,3.7955,2.8265
FINAL_HOLD,293,9.7667,1.2132,-39.6039,63.6281,17.6461,-0.0000,1.2308,-39.7802,63.2527,17.3626,-0.0879,1.4684,-40.4383,61.6294,17.0771,-0.3080,0.2640,-0.9225,-2.1864,-0.7107,-0.3520,-0.0088,0.0881,0.1877,0.1417,0.0440,0.302443,-0.005749,0.030661,0.304186,-0.005877,0.034030,3.7955,2.7738
FINAL_HOLD,294,9.8000,1.2132,-39.6039,63.6281,17.6461,-0.0000,1.2308,-39.7802,63.2527,17.3626,-0.0879,1.4684,-40.4383,61.6294,17.0771,-0.3080,0.2640,-0.9225,-2.1864,-0.7107,-0.3520,-0.0088,0.0881,0.1877,0.1417,0.0440,0.302443,-0.005749,0.030661,0.304186,-0.005877,0.034030,3.7955,2.6951
FINAL_HOLD,295,9.8333,1.2132,-39.6039,63.6281,17.6461,-0.0000,1.2308,-39.7802,63.2527,17.3626,-0.0879,1.4684,-40.4383,61.6294,17.0771,-0.3080,0.2640,-0.9225,-2.1864,-0.7107,-0.3520,-0.0088,0.0881,0.1877,0.1417,0.0440,0.302443,-0.005749,0.030661,0.304186,-0.005877,0.034030,3.7955,2.8489
FINAL_HOLD,296,9.8667,1.2132,-39.6039,63.6281,17.6461,-0.0000,1.2308,-39.7802,63.2527,17.3626,-0.0879,1.4684,-40.4383,61.6294,17.0771,-0.3080,0.2640,-0.9225,-2.1864,-0.7107,-0.3520,-0.0088,0.0881,0.1877,0.1417,0.0440,0.302443,-0.005749,0.030661,0.304186,-0.005877,0.034030,3.7955,2.8638
FINAL_HOLD,297,9.9000,1.2132,-39.6039,63.6281,17.6461,-0.0000,1.2308,-39.7802,63.2527,17.3626,-0.0879,1.4684,-40.4383,61.6294,17.0771,-0.3080,0.2640,-0.9225,-2.1864,-0.7107,-0.3520,-0.0088,0.0881,0.1877,0.1417,0.0440,0.302443,-0.005749,0.030661,0.304186,-0.005877,0.034030,3.7955,2.7382
FINAL_HOLD,298,9.9333,1.2132,-39.6039,63.6281,17.6461,-0.0000,1.2308,-39.7802,63.2527,17.3626,-0.0879,1.4684,-40.4383,61.6294,17.0771,-0.3080,0.2640,-0.9225,-2.1864,-0.7107,-0.3520,-0.0088,0.0881,0.1877,0.1417,0.0440,0.302443,-0.005749,0.030661,0.304186,-0.005877,0.034030,3.7955,2.8541
FINAL_HOLD,299,9.9667,1.2132,-39.6039,63.6281,17.6461,-0.0000,1.2308,-39.7802,63.2527,17.3626,-0.0879,1.4684,-40.4383,61.6294,17.0771,-0.3080,0.2640,-0.9225,-2.1864,-0.7107,-0.3520,-0.0088,0.0881,0.1877,0.1417,0.0440,0.302443,-0.005749,0.030661,0.304186,-0.005877,0.034030,3.7955,2.9412
FINAL_HOLD,300,10.0000,1.2132,-39.6039,63.6281,17.6461,-0.0000,1.2308,-39.7802,63.2527,17.3626,-0.0879,1.4684,-40.4383,61.6294,17.0771,-0.3080,0.2640,-0.9225,-2.1864,-0.7107,-0.3520,-0.0088,0.0881,0.1877,0.1417,0.0440,0.302443,-0.005749,0.030661,0.304186,-0.005877,0.034030,3.7955,2.7244
FINAL_HOLD,301,10.0333,1.2132,-39.6039,63.6281,17.6461,-0.0000,1.2308,-39.7802,63.2527,17.3626,-0.0879,1.4684,-40.4383,61.6294,17.0771,-0.3080,0.2640,-0.9225,-2.1864,-0.7107,-0.3520,-0.0088,0.0881,0.1877,0.1417,0.0440,0.302443,-0.005749,0.030661,0.304186,-0.005877,0.034030,3.7955,2.8116
FINAL_HOLD,302,10.0667,1.2132,-39.6039,63.6281,17.6461,-0.0000,1.2308,-39.7802,63.2527,17.3626,-0.0879,1.4684,-40.4383,61.6294,17.0771,-0.3080,0.2640,-0.9225,-2.1864,-0.7107,-0.3520,-0.0088,0.0881,0.1877,0.1417,0.0440,0.302443,-0.005749,0.030661,0.304186,-0.005877,0.034030,3.7955,3.7150
FINAL_HOLD,303,10.1000,1.2132,-39.6039,63.6281,17.6461,-0.0000,1.2308,-39.7802,63.2527,17.3626,-0.0879,1.4684,-40.4383,61.6294,17.0771,-0.3080,0.2640,-0.9225,-2.1864,-0.7107,-0.3520,-0.0088,0.0881,0.1877,0.1417,0.0440,0.302443,-0.005749,0.030661,0.304186,-0.005877,0.034030,3.7955,2.7017
FINAL_HOLD,304,10.1333,1.2132,-39.6039,63.6281,17.6461,-0.0000,1.2308,-39.7802,63.2527,17.3626,-0.0879,1.4684,-40.4383,61.6294,17.0771,-0.3080,0.2640,-0.9225,-2.1864,-0.7107,-0.3520,-0.0088,0.0881,0.1877,0.1417,0.0440,0.302443,-0.005749,0.030661,0.304186,-0.005877,0.034030,3.7955,2.8218
FINAL_HOLD,305,10.1667,1.2132,-39.6039,63.6281,17.6461,-0.0000,1.2308,-39.7802,63.2527,17.3626,-0.0879,1.4684,-40.4383,61.6294,17.0771,-0.3080,0.2640,-0.9225,-2.1864,-0.7107,-0.3520,-0.0088,0.0881,0.1877,0.1417,0.0440,0.302443,-0.005749,0.030661,0.304186,-0.005877,0.034030,3.7955,2.8428
FINAL_HOLD,306,10.2000,1.2132,-39.6039,63.6281,17.6461,-0.0000,1.2308,-39.7802,63.2527,17.3626,-0.0879,1.4684,-40.4383,61.6294,17.0771,-0.3080,0.2640,-0.9225,-2.1864,-0.7107,-0.3520,-0.0088,0.0881,0.1877,0.1417,0.0440,0.302443,-0.005749,0.030661,0.304186,-0.005877,0.034030,3.7955,2.7462
FINAL_HOLD,307,10.2333,1.2132,-39.6039,63.6281,17.6461,-0.0000,1.2308,-39.7802,63.2527,17.3626,-0.0879,1.4684,-40.4383,61.6294,17.0771,-0.3080,0.2640,-0.9225,-2.1864,-0.7107,-0.3520,-0.0088,0.0881,0.1877,0.1417,0.0440,0.302443,-0.005749,0.030661,0.304186,-0.005877,0.034030,3.7955,2.8183
FINAL_HOLD,308,10.2667,1.2132,-39.6039,63.6281,17.6461,-0.0000,1.2308,-39.7802,63.2527,17.3626,-0.0879,1.4684,-40.4383,61.6294,17.0771,-0.3080,0.2640,-0.9225,-2.1864,-0.7107,-0.3520,-0.0088,0.0881,0.1877,0.1417,0.0440,0.302443,-0.005749,0.030661,0.304186,-0.005877,0.034030,3.7955,2.9434
FINAL_HOLD,309,10.3000,1.2132,-39.6039,63.6281,17.6461,-0.0000,1.2308,-39.7802,63.2527,17.3626,-0.0879,1.4684,-40.4383,61.6294,17.0771,-0.3080,0.2640,-0.9225,-2.1864,-0.7107,-0.3520,-0.0088,0.0881,0.1877,0.1417,0.0440,0.302443,-0.005749,0.030661,0.304186,-0.005877,0.034030,3.7955,2.8197
FINAL_HOLD,310,10.3333,1.2132,-39.6039,63.6281,17.6461,-0.0000,1.2308,-39.7802,63.2527,17.3626,-0.0879,1.4684,-40.4383,61.6294,17.0771,-0.3080,0.2640,-0.9225,-2.1864,-0.7107,-0.3520,-0.0088,0.0881,0.1877,0.1417,0.0440,0.302443,-0.005749,0.030661,0.304186,-0.005877,0.034030,3.7955,2.8520
FINAL_HOLD,311,10.3667,1.2132,-39.6039,63.6281,17.6461,-0.0000,1.2308,-39.7802,63.2527,17.3626,-0.0879,1.4684,-40.4383,61.6294,17.0771,-0.3080,0.2640,-0.9225,-2.1864,-0.7107,-0.3520,-0.0088,0.0881,0.1877,0.1417,0.0440,0.302443,-0.005749,0.030661,0.304186,-0.005877,0.034030,3.7955,2.7669
FINAL_HOLD,312,10.4000,1.2132,-39.6039,63.6281,17.6461,-0.0000,1.2308,-39.7802,63.2527,17.3626,-0.0879,1.4684,-40.4383,61.6294,17.0771,-0.3080,0.2640,-0.9225,-2.1864,-0.7107,-0.3520,-0.0088,0.0881,0.1877,0.1417,0.0440,0.302443,-0.005749,0.030661,0.304186,-0.005877,0.034030,3.7955,2.7038
FINAL_HOLD,313,10.4333,1.2132,-39.6039,63.6281,17.6461,-0.0000,1.2308,-39.7802,63.2527,17.3626,-0.0879,1.4684,-40.4383,61.6294,17.0771,-0.3080,0.2640,-0.9225,-2.1864,-0.7107,-0.3520,-0.0088,0.0881,0.1877,0.1417,0.0440,0.302443,-0.005749,0.030661,0.304186,-0.005877,0.034030,3.7955,2.7789
FINAL_HOLD,314,10.4667,1.2132,-39.6039,63.6281,17.6461,-0.0000,1.2308,-39.7802,63.2527,17.3626,-0.0879,1.4684,-40.4383,61.6294,17.0771,-0.3080,0.2640,-0.9225,-2.1864,-0.7107,-0.3520,-0.0088,0.0881,0.1877,0.1417,0.0440,0.302443,-0.005749,0.030661,0.304186,-0.005877,0.034030,3.7955,2.8954
FINAL_HOLD,315,10.5000,1.2132,-39.6039,63.6281,17.6461,-0.0000,1.2308,-39.7802,63.2527,17.3626,-0.0879,1.4684,-40.4383,61.6294,17.0771,-0.3080,0.2640,-0.9225,-2.1864,-0.7107,-0.3520,-0.0088,0.0881,0.1877,0.1417,0.0440,0.302443,-0.005749,0.030661,0.304186,-0.005877,0.034030,3.7955,2.6946
FINAL_HOLD,316,10.5333,1.2132,-39.6039,63.6281,17.6461,-0.0000,1.2308,-39.7802,63.2527,17.3626,-0.0879,1.4684,-40.4383,61.6294,17.0771,-0.3080,0.2640,-0.9225,-2.1864,-0.7107,-0.3520,-0.0088,0.0881,0.1877,0.1417,0.0440,0.302443,-0.005749,0.030661,0.304186,-0.005877,0.034030,3.7955,2.8048
FINAL_HOLD,317,10.5667,1.2132,-39.6039,63.6281,17.6461,-0.0000,1.2308,-39.7802,63.2527,17.3626,-0.0879,1.4684,-40.4383,61.6294,17.0771,-0.3080,0.2640,-0.9225,-2.1864,-0.7107,-0.3520,-0.0088,0.0881,0.1877,0.1417,0.0440,0.302443,-0.005749,0.030661,0.304186,-0.005877,0.034030,3.7955,2.9564
FINAL_HOLD,318,10.6000,1.2132,-39.6039,63.6281,17.6461,-0.0000,1.2308,-39.7802,63.2527,17.3626,-0.0879,1.4684,-40.4383,61.6294,17.0771,-0.3080,0.2640,-0.9225,-2.1864,-0.7107,-0.3520,-0.0088,0.0881,0.1877,0.1417,0.0440,0.302443,-0.005749,0.030661,0.304186,-0.005877,0.034030,3.7955,2.7187
FINAL_HOLD,319,10.6333,1.2132,-39.6039,63.6281,17.6461,-0.0000,1.2308,-39.7802,63.2527,17.3626,-0.0879,1.4684,-40.4383,61.6294,17.0771,-0.3080,0.2640,-0.9225,-2.1864,-0.7107,-0.3520,-0.0088,0.0881,0.1877,0.1417,0.0440,0.302443,-0.005749,0.030661,0.304186,-0.005877,0.034030,3.7955,2.8009
FINAL_HOLD,320,10.6667,1.2132,-39.6039,63.6281,17.6461,-0.0000,1.2308,-39.7802,63.2527,17.3626,-0.0879,1.4684,-40.4383,61.6294,17.0771,-0.3080,0.2640,-0.9225,-2.1864,-0.7107,-0.3520,-0.0088,0.0881,0.1877,0.1417,0.0440,0.302443,-0.005749,0.030661,0.304186,-0.005877,0.034030,3.7955,2.9206
FINAL_HOLD,321,10.7000,1.2132,-39.6039,63.6281,17.6461,-0.0000,1.2308,-39.7802,63.2527,17.3626,-0.0879,1.4684,-40.4383,61.6294,17.0771,-0.3080,0.2640,-0.9225,-2.1864,-0.7107,-0.3520,-0.0088,0.0881,0.1877,0.1417,0.0440,0.302443,-0.005749,0.030661,0.304186,-0.005877,0.034030,3.7955,2.7491
FINAL_HOLD,322,10.7333,1.2132,-39.6039,63.6281,17.6461,-0.0000,1.2308,-39.7802,63.2527,17.3626,-0.0879,1.4684,-40.4383,61.6294,17.0771,-0.3080,0.2640,-0.9225,-2.1864,-0.7107,-0.3520,-0.0088,0.0881,0.1877,0.1417,0.0440,0.302443,-0.005749,0.030661,0.304186,-0.005877,0.034030,3.7955,2.8321
FINAL_HOLD,323,10.7667,1.2132,-39.6039,63.6281,17.6461,-0.0000,1.2308,-39.7802,63.2527,17.3626,-0.0879,1.4684,-40.4383,61.6294,17.0771,-0.3080,0.2640,-0.9225,-2.1864,-0.7107,-0.3520,-0.0088,0.0881,0.1877,0.1417,0.0440,0.302443,-0.005749,0.030661,0.304186,-0.005877,0.034030,3.7955,2.8599
FINAL_HOLD,324,10.8000,1.2132,-39.6039,63.6281,17.6461,-0.0000,1.2308,-39.7802,63.2527,17.3626,-0.0879,1.4684,-40.4383,61.6294,17.0771,-0.3080,0.2640,-0.9225,-2.1864,-0.7107,-0.3520,-0.0088,0.0881,0.1877,0.1417,0.0440,0.302443,-0.005749,0.030661,0.304186,-0.005877,0.034030,3.7955,2.7062
FINAL_HOLD,325,10.8333,1.2132,-39.6039,63.6281,17.6461,-0.0000,1.2308,-39.7802,63.2527,17.3626,-0.0879,1.4684,-40.4383,61.6294,17.0771,-0.3080,0.2640,-0.9225,-2.1864,-0.7107,-0.3520,-0.0088,0.0881,0.1877,0.1417,0.0440,0.302443,-0.005749,0.030661,0.304186,-0.005877,0.034030,3.7955,2.8242
FINAL_HOLD,326,10.8667,1.2132,-39.6039,63.6281,17.6461,-0.0000,1.2308,-39.7802,63.2527,17.3626,-0.0879,1.4684,-40.4383,61.6294,17.0771,-0.3080,0.2640,-0.9225,-2.1864,-0.7107,-0.3520,-0.0088,0.0881,0.1877,0.1417,0.0440,0.302443,-0.005749,0.030661,0.304186,-0.005877,0.034030,3.7955,2.8886
FINAL_HOLD,327,10.9000,1.2132,-39.6039,63.6281,17.6461,-0.0000,1.2308,-39.7802,63.2527,17.3626,-0.0879,1.4684,-40.4383,61.6294,17.0771,-0.3080,0.2640,-0.9225,-2.1864,-0.7107,-0.3520,-0.0088,0.0881,0.1877,0.1417,0.0440,0.302443,-0.005749,0.030661,0.304186,-0.005877,0.034030,3.7955,2.6652
FINAL_HOLD,328,10.9333,1.2132,-39.6039,63.6281,17.6461,-0.0000,1.2308,-39.7802,63.2527,17.3626,-0.0879,1.4684,-40.4383,61.6294,17.0771,-0.3080,0.2640,-0.9225,-2.1864,-0.7107,-0.3520,-0.0088,0.0881,0.1877,0.1417,0.0440,0.302443,-0.005749,0.030661,0.304186,-0.005877,0.034030,3.7955,2.8758
FINAL_HOLD,329,10.9667,1.2132,-39.6039,63.6281,17.6461,-0.0000,1.2308,-39.7802,63.2527,17.3626,-0.0879,1.4684,-40.4383,61.6294,17.0771,-0.3080,0.2640,-0.9225,-2.1864,-0.7107,-0.3520,-0.0088,0.0881,0.1877,0.1417,0.0440,0.302443,-0.005749,0.030661,0.304186,-0.005877,0.034030,3.7955,2.8326
